﻿﻿﻿﻿﻿﻿﻿﻿﻿﻿﻿﻿﻿﻿﻿﻿﻿Change;Excluded;Name;Original;en;es-latam
;;;\etalk[1]I am talking;;
;;;\etalk[1]I am talking a lot right now oh yes i am talking;;
;;;\etalk[1]Do you agre;;
;;;New Game;New Game;Nuevo Juego
;;;Continue;Continue;Continuar
;;;Options;Options;Opciones
;;;Credits;Credits;Créditos
;;;Exit;Exit;Salir
;;;Yes;Yes;Sí
;;;No;No;No
;;;Language;Language;Idioma
;;;Always Dash;Always Dash;Correr Automático
;;;Reduced Cutscenes;Reduced Cutscenes;Cinemáticas Reducidas
;;;Low Performance;Low Performance;Bajo Rendimiento
;;;Background Music;Background Music;Música de Fondo
;;;Background Sounds;Background Sounds;Sonido de Fondo
;;;Sound Effects;Sound Effects;Efectos de Sonido
;;;Music Effects;Music Effects;Efectos de Música
;;;General;General;Preferencias
;;;Audio;Audio;Audio
;;;File;File;Archivo
;;;Which file would you like to load?;Which file would you like to load?;¿Qué partida desea cargar?
;;;Playtime:;Playtime:;Tiempo de Juego:
;;;OFF;OFF;Desactivado
;;;ON;ON;Activado
;;;Dutch;Dutch;Holandés
;;;Load File;Load File;Cargar Partida
;;;End Game;End Game;Salir
;;;To Title;To Title;Menú Principal
;;;Cancel;Cancel;Cancelar
;;;I should probably take my backpack with me.;I should probably take my backpack with me.;Creo que debería llevarme mi mochila.
;;;I should probably take the key with me.;I should probably take the key with me.;Creo que debería llevarme la llave.
;;;I should maybe take the ball of yarn with me.;I should maybe take the ball of yarn with me.;Creo que debería llevarme el ovillo de lana.
;;;I should maybe take the flag with me.;I should maybe take the flag with me.;Creo que debería llevarme la bandera.
;;;I should take the key with me.;I should take the key with me.;Debo llevarme la llave.
;;;I'm not feeling tired. \!Not that tired.;I'm not feeling tired. \!Not that tired.;No me siento cansado. \!No demasiado.
;;;I can't sleep now, I have to get ready for school.;I can't sleep now, I have to get ready for school.;"No puedo descansar ahora, tengo que alistarme
para la escuela."
;;;It used to be full of movies,\. but it's empty.;It used to be full of movies,\. but it's empty.;Solía estar lleno de películas,\. ahora está vacío.
;;;I guess the only thing that's still here is my lighter.;I guess the only thing that's still here is my lighter.;"Parece que lo único que quedó aquí
es mi encendedor."
;;;Grab it;Grab it;Agarrar
;;;Leave it;Leave it;Olvidar
;;;I'm already carrying something...;I'm already carrying something ...;Ya estoy llevando algo...
;;;An empty table.;An empty table.;Una mesa vacía.
;;;A living plant.;A living plant.;Una planta solitaria.
;;;I burned the plant.;I burned the plant.;Quemé la planta.
;;;Or I guess the lighter did.;Or I guess the lighter did.;De hecho, el encendedor lo hizo.
;;;The clock lost its arms.;The clock lost its arms.;Un reloj sin manecillas.
;;;I guess like I did mine.;I guess like I did mine.;¿Sentirá falta de ellas?
;;;It's my old backpack.;It's my old backpack.;Es mi antigua mochila.
;;;Take it;Take it;Agarrarla
;;;It's an old family photo.;It's an old family photo.;Una vieja foto familiar.
;;;There's an old key stuck in the frame.;There's an old key stuck in the frame.;Hay una llave atascada en el marco.
;;;It's a ball of yarn.;It's a ball of yarn.;Un ovillo de lana.
;;;It's a flag.;It's a flag.;Una bandera.
;;;It's a key.;It's a key.;Una llave.
;;;I think my lighter fell out of my pocket...;I think my lighter fell out of my pocket...;Creo que mi encendedor se cayó de mi bolsillo...
;;;You wait for the bus to arrive.;You wait for the bus to arrive.;Esperas a que llegue el autobús.
;;;This is bad.;This is bad.;Esto se ve mal.
;;;"Haven has been breaking my head for years now.\!
I was obsessed with her.";"Haven has been breaking my head for years now.\!
I was obsessed with her.";"He estado loco por Haven desde hace años.\!
Completamente hechizado."
;;;"I've tried multiple times to let go, but every
attempt has failed.";"I've tried multiple times to let go, but every
attempt has failed.";"He tratado de olvidarla de mil formas,
pero nada da resultado."
;;;She probably doesn't think about me anymore.;She probably doesn't think about me anymore.;Quizá ella ni se acuerde de mí.
;;;"And that's a good thing.\!
I don't want her to remember the party.";"And that's a good thing.\!
I don't want her to remember the party.";"Y eso es un alivio.\!
Odiaría que aún se acordase de aquella fiesta."
;;;"I've been forcing myself to think about our
memories together.";"I've been forcing myself to think about our
memories together.";"Me he estado obligado a recordar todos los
momentos que pasamos juntos."
;;;I wanted to feel the pain.;I wanted to feel the pain.;"Quería experimentar esa sensación agridulce
de dolor."
;;;But now I'm being confronted for it.;But now I'm being confronted for it.;Pero eso solo me ha traído problemas.
;;;I don't know if I'm ready for this.;I don't know if I'm ready for this.;No me siento preparado para enfrentarlos.
;;;I'm scared.;I'm scared.;Estoy asustado.
;;;"Haven's been an important part of me for a while.\!
I'm not sure if looking back at it will help me.";"Haven's been an important part of me for a while.\!
I'm not sure if looking back at it will help me.";"Haven ha sido muy importante para mí.\!
No estoy seguro de que esto sirva de algo."
;;;I wonder if she still thinks about me.;I wonder if she still thinks about me.;¿Será que ella aún piensa en mí?
;;;"The real her.\!
I know the Haven in this world isn't real.";"The real her.\!
I know the Haven in this world isn't real.";"Me refiero a la verdadera Haven.\!
Sé que la Haven de este mundo no es real."
;;;"But that doesn't stop me from wanting to see her
again.";"But that doesn't stop me from wanting to see her
again.";"De cualquier forma, estoy deseoso de volver
a verla."
;;;What if I don’t like what I remember?;What if I don’t like what I remember?;¿Y qué pasa si no me gusta lo que vea?
;;;"I've tried to push these memories away time and
time again.";"I've tried to push these memories away time and
time again.";"He tratado de apartar estos recuerdos de mí
tantas veces."
;;;I didn't want to think about her.;I didn't want to think about her.;Traté de no pensar más en ella.
;;;I wanted to, but I refused to let myself think.;I wanted to, but I refused to let myself think.;Aunque una parte de mí me lo quería hacerlo.
;;;John.;John.;John.
;;;I should probably chase that cat first ...;I should probably chase that cat first ...;Tal vez debería perseguir al gato primero.
;;;Bird;Bird;Pájaro
;;Bird;Coo?;Coo?;Cucú?
;;Bird;Coo coo;Coo coo;Cuuu cucú
;;;The bird looks at you.;The bird looks at you.;El pájaro te devuelve la mirada.
;;;Haven;Haven;Haven
;;Haven;Hi! It's been a while since I've seen you!;Hi! It's been a while since I've seen you!;¡Qué tal! Hace mucho que no te veo.
;;;Do you have any idea where we are?;Do you have any idea where we are?;¿Sabes dónde estamos?
;;;I'm not sure;I'm not sure;Creo que no
;;;Who are you?;Who are you?;¿Quién eres?
;;Haven;Gee ... you've already forgotten who I am?;Gee ... you've already forgotten who I am?;¿Ah...? ¿Ya te olvidaste de mí?
;;Haven;Haven! I'm Haven!;Haven! I'm Haven!;¡Vamos, soy Haven!
;;Haven;Hmmm ...\| This place sure is strange.;Hmmm ...\| This place sure is strange.;Ya veo...\| Este lugar sí que es extraño, ¿no crees?
;;Haven;"It could be worth exploring this area, maybe you
could find something?";"It could be worth exploring this area, maybe you
could find something?";"Tal vez podrías explorar un poco este lugar.
Quién sabe, quizá te traiga algún recuerdo."
;;Haven;"Hey, remember to take things slow ...\|
I know how you tend to freak out over everything!";"Hey, remember to take things slow ...\|
I know how you tend to freak out over everything!";"Trata de ir con calma, ¿sí?\|
Sé que tiendes a alterarte fácilmente."
;;Haven;"Try not to overthink, and just ...\|
Maybe \c[1]save\c[0] your thoughts, for now.";"Try not to overthink, and just ...\|
Maybe \c[1]save\c[0] your thoughts, for now.";"Y si tuvieras miedo de olvidar algún recuerdo,\|
tranquilo, yo lo puedo \c[1]guardar\c[0] por ti."
;;Haven;"Talk with me if you want to be safe again!
I'll always be here for you.";"Talk with me if you want to be safe again!
I'll always be here for you.";"Puedes venir y hablar conmigo cuando quieras.
Aquí estaré para ti."
;;Haven;Hey, you wanna \c[1]save \c[0]again?;Hey, you wanna \c[1]save \c[0]again?;¿Quieres que te \c[1]guarde\c[0] algún recuerdo?
;;;Sure;Sure;Okey
;;;Not now;Not now;No
;;Haven;I hope you feel safe again!;I hope you feel safe again!;¡Espero que te sientas mejor ahora!
;;Haven;That's fine, let me know if you change your mind!;That's fine, let me know if you change your mind!;Bueno, aquí estaré por si cambias de opinión.
;;Haven;Hi! How are you feeling?;Hi! How are you feeling?;Y... ¿cómo te sientes hoy?
;;;I'm okay;I'm okay;Estoy bien
;;;Not so well;Not so well;Algo mal
;;Haven;I'm glad, anything special planned?;I'm glad, anything special planned?;"Me alegra oir eso. ¿Y qué harás ahora?
¿Quizá algo divertido?"
;;Haven;"Sorry to hear that ...\.
Well, do you have anything fun planned?";"Sorry to hear that ...\.
Well, do you have anything fun planned?";"Oh, de verdad lo siento...\.
¿Y qué vas a hacer ahora? ¿Algún plan?"
;;;Going to school;Going to school;Ir a la escuela
;;;Nothing planned;Nothing planned;No
;;Haven;"Ah, that's fun!\|
Well, maybe not fun ...";"Ah, that's fun!\|
Well, maybe not fun ...";"Ah, eso suena divertido!\|
Bueno, *jeje* quizá no tanto..."
;;Haven;But we'll get to see all your friends again!;But we'll get to see all your friends again!;"¡Pero lo bueno es que veremos a todos tus amigos
de nuevo!"
;;Haven;Are you sure? We're going to school today!;Are you sure? We're going to school today!;¿Estás seguro? ¡Hoy iremos a la escuela!
;;Haven;That's pretty exciting, right?;That's pretty exciting, right?;Suena emocionante, ¿no crees?
;;Haven;Anyways, are you ready to \c[1]save \c[0]your thoughts?;Anyways, are you ready to \c[1]save \c[0]your thoughts?;"Bueno, ¿tienes algún recuerdo que quieras \c[1]guardar\c[0]?"
;;Haven;You can go ahead, I'll catch up to you!;You can go ahead, I'll catch up to you!;Puedes adelantarte si quieres. Te alcanzo después.
;;Haven;"Did that cat just take something from you?\!
You should probably chase it!";"Did that cat just take something from you?\!
You should probably chase it!";"Oye, ¿ese gato acaba de llevarse algo tuyo?\!
¡Tal vez deberías ir tras él!"
;;Haven;Do you wanna \c[1]save\c[0] before you go?;Do you wanna \c[1]save\c[0] before you go?;¿Quiere \c[1]guardar\c[0] algún recuerdo antes de irte?
;;Haven;Now go chase that cat!;Now go chase that cat!;¡Ahora corre, alcánzalo!
;;Haven;That's fine, go chase that cat!;That's fine, go chase that cat!;Está bien, ¡ahora ve tras él!
;;Haven;Hey, it's good to see you again.;Hey, it's good to see you again.;Hey, me alegra verte de nuevo.
;;Haven;"You're doing a great job with revisiting the past ...\!
But there's something you've been forgetting.";"You're doing a great job with revisiting the past ...\!
But there's something you've been forgetting.";"Has hecho un gran trabajo al revisitar el pasado...\!
Pero te has estado olvidado de algo."
;;Haven;"It’s maybe time to face something that’s been
bothering you for a while now.";"It’s maybe time to face something that’s been
bothering you for a while now.";"Tal vez sea tiempo de que le plantes cara a
una cosa que te ha estado afectando."
;;Haven;"The bus might arrive soon, so you should
get ready.";"The bus might arrive soon, so you should
get ready.";"El autobús debe llegar en cualquier momento,
asegúrate de estar listo."
;;Haven;Do you wanna \c[1]save \c[0]before you go?;Do you wanna \c[1]save \c[0]before you go?;¿Quieres \c[1]guardar\c[0] algún recuerdo antes de irte?
;;Haven;"You should head to the mountain, the bus will bring
you close.";"You should head to the mountain, the bus will bring
you close.";"Debes dirigirte a la montaña, el autobús te puede
dejar cerca."
;;Haven;Hey ...;Hey ...;Hey...
;;Haven;"Something’s wrong ...\!
Do you feel it too?";"Something’s wrong ...\!
Do you feel it too?";"Algo anda mal...\!
¿Tú también lo notaste?"
;;Haven;It feels strange ...;It feels strange ...;Se siente extraño...
;;Haven;There’s something you’ve been avoiding.;There’s something you’ve been avoiding.;Hay algo que has estado evitando.
;;Haven;The mountain’s waiting for you.;The mountain’s waiting for you.;La montaña está esperándote.
;;Haven;The bus should take you there.;The bus should take you there.;El autobús te va a llevar hasta allí.
;;Haven;...\. Please do the right thing.;...\. Please do the right thing.;...\. Por favor, haz lo que sea correcto.
;;Haven;I can see you've been through a lot ...;I can see you've been through a lot ...;Sé que has pasado por mucho...
;;Haven;But I don't think it's too late.;But I don't think it's too late.;Pero aún no es demasiado tarde.
;;Haven;You want to do the best you can, right?;You want to do the best you can, right?;Aún quieres dar lo mejor de ti, ¿verdad?
;;Haven;The bus will be here soon, you should get ready.;The bus will be here soon, you should get ready.;El autobús está a punto de llegar, alístate.
;;Haven;The mountain is waiting for you.;The mountain is waiting for you.;La montaña está esperándote.
;;Haven;"I know it's going to be hard, but I believe
in you.";"I know it's going to be hard, but I believe
in you.";"Sé que será demasiado difícil, pero creo
en ti."
;;Haven;Hey, you wanna \c[1]save\c[0]?;Hey, you wanna \c[1]save\c[0]?;¿Quieres \c[1]guardar\c[0] algún recuerdo?
;;Haven;Alright.;Alright.;¡Perfecto!
;;;Do I want to \c[1]save\c[0]?;Do I want to \c[1]save\c[0]?;¿Quiero \c[1]guardar\c[0]?
;;;It's a white sheet.;It's a white sheet.;Una manta blanca.
;;;The cat took your ball of yarn.;The cat took your ball of yarn.;El gato se llevó tu ovillo de lana.
;;;It's my car,\. but maybe I should talk to Haven first.;It's my car,\. but maybe I should talk to Haven first.;"Tal vez deba hablar con Haven antes de
entrar en mi carro."
;;;"It's my car.\.
Enter?";"It's my car.\.
Enter?";"Es mi carro.\.
¿Entrar?"
;;;It’s about time I went to visit my parents.;It’s about time I went to visit my parents.;Ya era tiempo de visitar a mis padres.
;;;"It’s something I’ve been ignoring for years.\!
I was glad to move out when I could.";"It’s something I’ve been ignoring for years.\!
I was glad to move out when I could.";"Hace años que no lo hacía.\!
Qué bueno que salí de allí cuando pude."
;;;"...\| But if I’m going to revisit everything, I might as
well get on with this.";"...\| But if I’m going to revisit everything, I might as
well get on with this.";"...\| Pero ya que estoy revisitando algunos recuerdos,
mejor no seguir posponiendo esto."
;;;Maybe I’ll find something.;Maybe I’ll find something.;Tal vez encuentre algo.
;;;...\| I haven’t thought about them in a while.;...\| I haven’t thought about them in a while.;...\| Hace mucho que no pienso en ellos.
;;;"My mom was always quiet.
\.She wouldn’t talk to me or my dad a lot.";"My mom was always quiet.
\.She wouldn’t talk to me or my dad a lot.";"Mi madre era una persona callada.\.
No hablaba mucho conmigo o con papá."
;;;"Sometimes, I would wonder if she had more to
her than what I saw.";"Sometimes, I would wonder if she had more to
her than what I saw.";"A veces me preguntaba si escondía algo detrás
de ese constante silencio."
;;;I never looked that deep into it though.;I never looked that deep into it though.;Aunque nunca le di mucho interés.
;;;My dad on the other hand ...;My dad on the other hand ...;Mi padre, por otro lado...
;;;...\. I don’t want to think about that right now.;...\. I don’t want to think about that right now.;Él...\. No, no vale la pena pensar en eso ahora.
;;;I’ll figure it out.;I’ll figure it out.;Quizá después.
;;Haven;Hi! I'm glad to see you again!;Hi! I'm glad to see you again!;¡Hey! ¡Me alegra mucho verte de nuevo! 
;;Haven;"I heard you were planning on revisiting your
childhood town, right?";"I heard you were planning on revisiting your
childhood town, right?";"Oí que vas a volver a visitar el lugar
donde creciste."
;;Haven;"I'd love to tag along, but I think it's best
to take this on yourself!";"I'd love to tag along, but I think it's best
to take this on yourself!";"Me encantaría acompañarte, pero creo que es
mejor que lo hagas solo."
;;Haven;"Don't worry though!\!
If you do end up feeling scared ...";"Don't worry though!\!
If you do end up feeling scared ...";"Pero no te preocupes,\!
si llegaras a sentirte inseguro o con miedo..."
;;Haven;"... I've put up a couple of flags!\.
I hope they will help you feel safe.";"... I've put up a couple of flags!\.
I hope they will help you feel safe.";"Coloqué algunas banderitas en el camino.\.
Espero que te ayuden a sentirte seguro."
;;Haven;Anyways, do you wanna \c[1]save \c[0]before you go?;Anyways, do you wanna \c[1]save \c[0]before you go?;"Eso es todo, ¿quieres \c[1]guardar\c[0] algún
recuerdo antes de partir?"
;;Haven;Good luck!;Good luck!;¡Qué te vaya bien!
;;Haven;Alright, don't forget the flags!;Alright, don't forget the flags!;¡Y no olvides las banderas!
;;;Thank you.;Thank you.;Gracias.
;;;Mushroom;Mushroom;Champiñón
;;Mushroom;\etalk[44]Yeah! Yeah!;\etalk[44]Yeah! Yeah!;\etalk[44]¡Yupiyupiyá!
;;;You found an old picture.;You found an old picture.;Encontraste un viejo dibujo.
;;;I found a lot of peace in the park.;I found a lot of peace in the park.;Me siento tan relajado cuando estoy en el parque.
;;;"As a child, I'd explore the different paths
and find relaxing spots.";"As a child, I'd explore the different paths
and find relaxing spots.";"Cuándo era niño, solía explorar cada lugar hasta
encontrar uno tranquilo donde descansar."
;;;It felt exciting, yet it felt right.;It felt exciting, yet it felt right.;"Era tan emocionante, y al mismo tiempo,
satisfactorio."
;;;"I used to imagine there were shadows watching
over me.";"I used to imagine there were shadows watching
over me.";"Solía imaginarme que era observado de lejos
por cierta 'gente sombra'."
;;;"Sometimes, they'd play with me.\!
But most of the time, I was on my own.";"Sometimes, they'd play with me.\!
But most of the time, I was on my own.";"A veces ellas incluso jugaban conmigo.\!
Pero, por lo general, jugaba solo."
;;;"I don't remember where they went, as I grew
older I stopped thinking about them.";"I don't remember where they went, as I grew
older I stopped thinking about them.";"No sé en que momento desaparecieron. Y a medida
que crecí, me fue olvidando de ellas."
;;Mushroom;\etalk[79]Yeah! Yeah!;\etalk[79]Yeah! Yeah!;\etalk[79]¡Yiiipiyipiyupiii!
;;Mushroom;Yeah! Yeah!;Yeah! Yeah!;¡Yujuuu!
;;Mushroom;Yeah, yeah.;Yeah, yeah.;Yay.
;;;Flower Child;Flower Child;Chico Flor
;;Flower Child;"I've been taking care of these little guys for
a while.";"I've been taking care of these little guys for
a while.";"Estoy cuidando de estos chiquitines; son mis amigos."
;;Flower Child;We're all best friends and spend the day together.;We're all best friends and spend the day together.;Decidimos pasar el dia aquí juntos.
;;Flower Child;"The mushrooms are still sleeping, so I've decided
to take a breath of fresh air.";"The mushrooms are still sleeping, so I've decided
to take a breath of fresh air.";"Los hongos aún están durmiendo, así que decidí
tomar un poco de aire fresco."
;;Flower Child;"It can really be refreshing to breathe in deeply,
and feel the wind through your face.";"It can really be refreshing to breathe in deeply,
and feel the wind through your face.";"Respirar profundo y sentir la suave brisa acariciar
tu rostro... ¡Ahh! No hay nada mejor que eso."
;;Flower Child;"Did you know these little guys aren't actually
mushrooms?";"Did you know these little guys aren't actually
mushrooms?";"¿Sabías que estos chiquitines no son en realidad
hongos?"
;;Flower Child;"They're weird creatures.\!
They capture the pure joy of a child.";"They're weird creatures.\!
They capture the pure joy of a child.";"Son criaturitas bastante peculiares.\! Se podría
decir que reflejan la alegría de los niños."
;;Flower Child;"I haven't seen many cats around these fields
before...";"I haven't seen many cats around these fields
before ...";"No he visto muchos gatos por aquí."
;;Flower Child;"The mountain? It's a pretty long journey to get
to the top.";"The mountain? It's a pretty long journey to get
to the top.";"¿La montaña? Es un viaje bastante largo si
quieres llegar a la cima."
;;Flower Child;I've heard only a couple people have made it.;I've heard only a couple people have made it.;Apenas un par de personas lo han logrado.
;;Flower Child;"It's not dangerous or anything, only a few
have attempted the journey.";"It's not dangerous or anything, only a few
have attempted the journey.";"No es que sea peligroso, pero son muy pocos
los que se dan el trabajo de intentarlo."
;;Flower Child;"There's something beautiful about how people
change.";"There's something beautiful about how people
change.";"Hay algo bello en la manera como las personas
van cambiando."
;;Flower Child;I haven't always been the same person.;I haven't always been the same person.;"No soy la misma persona que ayer, y esa
tampoco era la misma que anteayer."
;;Flower Child;"It's strange how people can be so different over
time.";"It's strange how people can be so different over
time.";"Es curioso como es que vamos cambiando con el
paso del tiempo, unos más que otros."
;;Mushroom;\etalk[83]Yeah! Yeah!;\etalk[83]Yeah! Yeah!;\etalk[83]¡Uaju!
;;;The bird is looking at the worm.;The bird is looking at the worm.;El pájaro está observando al gusano.
;;;Worm;Worm;Gusano
;;Worm;hellooooo ...;hellooooo ...;hoolaaa...
;;Worm;hiiiiii ...;hiiiiii ...;hellooo...
;;Worm;how are you ...;how are you ...;¿qué tal...?
;;;...;...;...
;;;Oakley;Oakley;Oakley
;;Oakley;Hello, sir.;Hello, sir.;Buenos días, caballero.
;;Oakley;"I'm afraid I haven't seen you in this town before.
Could I help you with something, sir?";"I'm afraid I haven't seen you in this town before.
Could I help you with something, sir?";"Me temo que es la primera vez que lo veo por aquí.
¿Puedo ayudarle en algo, caballero?"
;;;Where am I?;Where am I?;¿Dónde estoy?
;;;How do I leave?;How do I leave?;¿Cómo salgo de aquí?
;;;(Leave);(Leave);(Irse)
;;Oakley;...\| You are right here.;...\| You are right here.;...\| Está justo aquí.
;;Oakley;"There's no need to put labels to locations, sir.\.
We are all just here.";"There's no need to put labels to locations, sir.\.
We are all just here.";"No todo necesita un nombre, ¿no cree, caballero?\.
Aquí es aquí, sin más."
;;Oakley;Sometimes, it's better to simply ... be.;Sometimes, it's better to simply ... be.;"A veces es mejor tan solo 'estar' que
no estar..."
;;Oakley;Ah, I'm just a humble fellow, sir.;Ah, I'm just a humble fellow, sir.;Soy solamente 'alguien'.
;;Oakley;"I've been here for a very long time, sir.
Longer than I care to admit, perhaps.";"I've been here for a very long time, sir.
Longer than I care to admit, perhaps.";"He estado aquí por muucho tiempo.
Tal vez más de lo que me gustaría admitir."
;;Oakley;"Leave where, sir?
This is all there is.";"Leave where, sir?
This is all there is.";"¿Salir? ¿A dónde?
No existe más que esto."
;;Oakley;"There is nowhere to go, and I don't mean that in
a bad way, sir.";"There is nowhere to go, and I don't mean that in
a bad way, sir.";"No existe ninguna salida, caballero. No me malentienda:
no es que eso sea algo malo."
;;;This is it.;This is it.;"Todo lo que tiene ante sus ojos es
todo lo que hay."
;;Oakley;"Hello, sir.
Could I help you?";"Hello, sir.
Could I help you?";"Buen día, caballero.
¿Puedo serle de ayuda en algo?"
;;Oakley;"You have woken up early this morning.
I wonder what you must be attending to?";"You have woken up early this morning.
I wonder what you must be attending to?";"Parece que hoy se levantó bastante temprano.
Me pregunto adónde se dirige."
;;;Where do I go?;Where do I go?;¿Adónde puedo ir?
;;;Who is Haven?;Who is Haven?;¿Quién es Haven?
;;;I need to get out of here;I need to get out of here;Tengo que salir de aquí.
;;Oakley;"Judging by your backpack, I assume you're
trying to get to school.";"Judging by your backpack, I assume you're
trying to get to school.";"A juzgar por su mochila, asumo que se
dirige a la escuela."
;;Oakley;"The only way I know is to take the bus.\!
It's near the big house, sir.";"The only way I know is to take the bus.\!
It's near the big house, sir.";"La única forma de llegar es tomando el autobús.\!
Su parada se encuentra cerca de la casa grande."
;;Oakley;"Ah, Haven?\!
She has been in these woods for a while now.";"Ah, Haven?\!
She has been in these woods for a while now.";"Oh, ¿Haven?\!
Ella lleva ya un tiempo por aquí."
;;Oakley;"She seems to be a nice girl, sir.
Have you introduced yourself to her?";"She seems to be a nice girl, sir.
Have you introduced yourself to her?";"Parece ser una buena muchacha.
¿Han tenido oportunidad de conversar?"
;;Oakley;I'm telling you, sir. There's no way out of here.;I'm telling you, sir. There's no way out of here.;"Parece que es necesario que se lo repita:
No hay salida de aquí."
;;Oakley;I would know, I've been living here all my life.;I would know, I've been living here all my life.;"De ser ese el caso, yo ya lo sabría.
Llevo toda una vida aquí."
;;Oakley;Another day, another reason to continue.;Another day, another reason to continue.;Un día más, otra razón para continuar.
;;;Why am I here?;Why am I here?;¿Por qué estoy aquí?
;;;I can't continue this;I can't continue this;No puedo seguir así.
;;Oakley;I suppose you go wherever you please.;I suppose you go wherever you please.;"Es libre de ir adonde quiera, por el camino
que usted prefiera."
;;Oakley;The road continues where you feel a need to go.;The road continues where you feel a need to go.;"'Caminante, no hay camino,
se hace camino al andar.'"
;;Oakley;That's the big question, isn't it?;That's the big question, isn't it?;"ESA es la pregunta del millón:\!
¿Por qué estamos aquí?"
;;Oakley;"Why are we all here?\!
What is our purpose?";"Why are we all here?\!
What is our purpose?";"Como yo lo veo, la vida es un constante
aprendizaje"
;;Oakley;"In my eyes, life is a way to learn.\.
Making mistakes and continuing to live.";"In my eyes, life is a way to learn.\.
Making mistakes and continuing to live.";"Triunfas, fracasas... ganas, pierdes...\.
pero nunca dejas de aprender."
;;Oakley;Take your time, young man.;Take your time, young man.;"Los problemas son pasajeros...\.
y no hay mal ni pena que dure cien años."
;;Oakley;"You're not alone, we've all been there.\.
I believe in you.";"You're not alone, we've all been there.\.
I believe in you.";"Sé que puedes hacerlo.\.
La vida es demasiado bella para dejarla apagarse."
;;Oakley;It's such a beautiful day, isn't it?;It's such a beautiful day, isn't it?;Hoy hace un día maravilloso, ¿no lo cree?
;;;I'm scared;I'm scared;Tengo miedo
;;Oakley;I'm sorry to hear that.;I'm sorry to hear that.;Oh, siento mucho oír eso.
;;Oakley;"I hope you find a way to overcome whatever is
scaring you.";"I hope you find a way to overcome whatever is
scaring you.";"Espero que encuentres las fuerzas para
superar aquello que te asusta."
;;;Flower;Flower;Flor
;;Flower;The air is soft.;The air is soft.;El aire está agradable.
;;Flower;The air is cold.;The air is cold.;El aire está frío.
;;Flower;The air is silent.;The air is silent.;El aire está en silencio.
;;Flower;The air is wet.;The air is wet.;El aire está húmedo.
;;Flower;The air is hard.;The air is hard.;El aire está cargado.
;;Flower;The air is light.;The air is light.;El aire está ligero.
;;;A wooden plank.;A wooden plank.;Una tabla de madera.
;;;It seems like the door is locked.;It seems like the door is locked.;Parece que está cerrada con llave.
;;;Are you ready?;Are you ready?;¿Estás listo?
;;;You unlock the door with your key.;You unlock the door with your key.;Abres la puerta con tu llave.
;;;You always told yourself it would be different.;You always told yourself it would be different.;Siempre pensaste que sería diferente.
;;;Someday you would face it all.;Someday you would face it all.;
;;;But you never really wanted to change.;But you never really wanted to change.;
;;;Rot.;Rot.;
;;;"I’m not sure if I’m healed.\!
Maybe I’ll never be.";"I’m not sure if I’m healed.\!
Maybe I’ll never be.";
;;;"But I know I'm not the same as when I entered
this place.";"But I know I'm not the same as when I entered
this place.";
;;;I feel safer now knowing I can change.;I feel safer now knowing I can change.;
;;;For a while, it felt like I didn't have a choice.;For a while, it felt like I didn't have a choice.;
;;;This is who I'm meant to be.;This is who I'm meant to be.;
;;;"But seeing my past again reminded me of who I
once was.";"But seeing my past again reminded me of who I
once was.";
;;;I wanted to live again.;I wanted to live again.;
;;;I want him to change.;I want him to change.;
;;;"Even though I couldn’t face everything, my
perspective has changed.";"Even though I couldn’t face everything, my
perspective has changed.";
;;;Maybe it's impossible to overcome it all.;Maybe it's impossible to overcome it all.;
;;;But it feels good knowing I actually did my best.;But it feels good knowing I actually did my best.;
;;;What will happen to me?;What will happen to me?;
;;;If I'm not real, then what will I be when I return?;If I'm not real, then what will I be when I return?;
;;;What if it feels like dying?;What if it feels like dying?;
;;;I guess I don't have a choice.;I guess I don't have a choice.;
;;;If I don't return, he might never change.;If I don't return, he might never change.;
;;;Some things still hurt too much to look at.;Some things still hurt too much to look at.;
;;;I turned away when I should’ve stayed.;I turned away when I should’ve stayed.;
;;;"I didn’t give up completely.\!
I tried, even when it felt like it wasn’t enough.";"I didn’t give up completely.\!
I tried, even when it felt like it wasn’t enough.";
;;;Parts of me still feel trapped in those memories.;Parts of me still feel trapped in those memories.;
;;;I should probably eat something before going ...;I should probably eat something before going ...;Tal vez debería comer algo antes de marcharme.
;;;A bright lamp.;A bright lamp.;Una lámpara brillante.
;;;Should I call someone?;Should I call someone?;¿Debería llamar a alguien?
;;;I don't remember anyone's number.;I don't remember anyone's number.;Pero no recuerdo ningún número.
;;;There's nothing on TV.;There's nothing on TV.;No hay nada en la pantalla.
;;;I take a bite out of the instant ramen noodles.;I take a bite out of the instant ramen noodles.;Le doy un bocado a los fideos instantáneos.
;;;...\| it tastes dry.;...\| it tastes dry.;...\| sabe seco.
;;;An empty plate.;An empty plate.;Un plato vacío.
;;;I take a bite out of the toast.;I take a bite out of the toast.;Le doy un mordisco a la tostada.
;;;I take a bite out of a chicken nugget.;I take a bite out of a chicken nugget.;Le doy un mordisco al nugget de pollo.
;;;I don't feel like eating.;I don't feel like eating.;No tengo ganas de comer.
;;;I take a sip of the milk.;I take a sip of the milk.;Bebo un sorbo de leche.
;;;I take a bite out of a grape.;I take a bite out of a grape.;Como una uva.
;;;I take a bite out of the egg.;I take a bite out of the egg.;Le doy un mordisco al huevo.
;;;...\| it tastes nice.;...\| it tastes nice.;...\| sabe bien.
;;;Felix;Felix;Felix
;;Felix;"I've been getting a lot of weird DMs from some of
the girls here, they're quite disturbing actually ...";"I've been getting a lot of weird DMs from some of
the girls here, they're quite disturbing actually ...";
;;Felix;Nice trumpet dude.;Nice trumpet dude.;
;;;I probably shouldn't leave while I have school ...;I probably shouldn't leave while I have school ...;
;;;"The door is locked.
I think this is the janitor's closet.";"The door is locked.
I think this is the janitor's closet.";"Está cerrado.
Creo que este es el cuarto de limpieza."
;;;Use key;Use key;Usar llave
;;;Not yet;Not yet;No usar
;;;The locker is locked.;The locker is locked.;El casillero está cerrado.
;;;Hannah;Hannah;Hannah
;;Hannah;You see that guy over there?;You see that guy over there?;
;;;Yeah?;Yeah?;
;;;Nope;Nope;
;;Hannah;He is probably the hottest guy in the entire school ...;He is probably the hottest guy in the entire school ...;
;;Hannah;"He asked me if I had a spare pencil in class
yesterday, ME out of all people!";"He asked me if I had a spare pencil in class
yesterday, ME out of all people!";
;;Hannah;Stop acting stupid ...;Stop acting stupid ...;
;;Hannah;I think he might like me ...;I think he might like me ...;
;;;Can you help me?;Can you help me?;
;;Hannah;Huh? Uhmm sure.;Huh? Uhmm sure.;
;;;I need toilet paper;I need toilet paper;
;;Hannah;"Is there none in the men's restroom?\|
Give me a second ...";"Is there none in the men's restroom?\|
Give me a second ...";
;;Hannah;Here ya go.;Here ya go.;
;;;I'm too busy right now, I should talk to her later.;I'm too busy right now, I should talk to her later.;
;;;I probably shouldn't go in there.;I probably shouldn't go in there.;
;;;This is the men's restroom.;This is the men's restroom.;
;;;"This is the women's restroom.\.
Probably shouldn't enter here...";"This is the women's restroom.\.
Probably shouldn't enter here ...";
;;;There's a trumpet in the locker.;There's a trumpet in the locker.;Hay una trompeta en el casillero.
;;;The locker is empty.;The locker is empty.;El casillero está vacío.
;;Haven;Looks like I arrived faster than you did!;Looks like I arrived faster than you did!;¡Parece que llegué antes que tú! *Jeje*
;;Haven;"Have you talked to the students here? They're
all so interesting in their own ways ...";"Have you talked to the students here? They're
all so interesting in their own ways ...";"¿Y pudiste hablar con algún estudiante?
Es increíble cómo cada uno de ellos tiene lo suyo."
;;Haven;...\| Oh! Do you want to \c[1]save\c[0] your thoughts?;...\| Oh! Do you want to \c[1]save\c[0] your thoughts?;...\| ¡Oh! ¿Quieres \c[1]guardar\c[0] algún recuerdo?
;;Haven;Alright!;Alright!;¡Listo, Calixto!
;;Haven;Okay, let me know if you change your mind.;Okay, let me know if you change your mind.;Okidoki.
;;Haven;"If you happen to get lost here, or don't know
what to do ...";"If you happen to get lost here, or don't know
what to do ...";"Si te llegas a perder o no sabes muy bien
qué hacer..."
;;Haven;Then talk to me, I'll do my best to help you out!;Then talk to me, I'll do my best to help you out!;"Puedes venir y hablar conmigo.
Eso me haría muy feliz"
;;Haven;You know I try my best to always help ...;You know I try my best to always help ...;Siempre puedes contar conmigo.
;;Haven;Hi! Do you want my help?;Hi! Do you want my help?;Hey, ¿quieres que te ayude?
;;;\c[1]Save\c[0];\c[1]Save\c[0];\c[1]Guardar\c[0]
;;;What do I do?;What do I do?;¿Qué debo hacer?
;;Haven;"A basketball?
It probably belongs in the gym, right?";"A basketball?
It probably belongs in the gym, right?";
;;Haven;"You found a trumpet?
Maybe someone lost it ...";"You found a trumpet?
Maybe someone lost it ...";
;;Haven;"I think there's a music class in this school.
You could check there!";"I think there's a music class in this school.
You could check there!";
;;Haven;Jeffery gave you keys to the janitor's closet?;Jeffery gave you keys to the janitor's closet?;
;;Haven;"If I remember correctly, the closet should be
to the left!";"If I remember correctly, the closet should be
to the left!";
;;Haven;"You helped Mika out with her drawing? That's so
nice of you!";"You helped Mika out with her drawing? That's so
nice of you!";
;;Haven;"She even gave you a CD? That's lovely!
Maybe there's a CD player you can use to play it?";"She even gave you a CD? That's lovely!
Maybe there's a CD player you can use to play it?";
;;Haven;"Oh, you got the toilet paper?\!
You should give it to that poor guy!";"Oh, you got the toilet paper?\!
You should give it to that poor guy!";
;;Haven;He must be suffering in there ...;He must be suffering in there ...;
;;Haven;...\. You found toilet paper?;...\. You found toilet paper?;
;;Haven;"Uhmm ...\| That's nice!
I'm not sure how I can help you with that ...";"Uhmm ...\| That's nice!
I'm not sure how I can help you with that ...";
;;Haven;"You should probably fill that cup with water, like
Jeffery asked!";"You should probably fill that cup with water, like
Jeffery asked!";
;;Haven;"There should be a kettle filled with water in
the janitor's closet, right?";"There should be a kettle filled with water in
the janitor's closet, right?";
;;Haven;How nice of you to help Jeffery out!;How nice of you to help Jeffery out!;
;;Haven;"You should maybe give him the cup though, he
sounded pretty stressed out ...";"You should maybe give him the cup though, he
sounded pretty stressed out ...";
;;Haven;Jeffery gave you a tea bag? That's so kind of him!;Jeffery gave you a tea bag? That's so kind of him!;
;;Haven;"I think I saw a small girl drinking a cup of tea
earlier, maybe she would appreciate it?";"I think I saw a small girl drinking a cup of tea
earlier, maybe she would appreciate it?";
;;Haven;Unless you want to drink it yourself, of course!;Unless you want to drink it yourself, of course!;
;;Haven;"The last time I saw her, she was heading
towards the courtyard.";"The last time I saw her, she was heading
towards the courtyard.";
;;Haven;"Vee gave you her poetry book?
I didn't know she'd like poetry!";"Vee gave you her poetry book?
I didn't know she'd like poetry!";
;;Haven;"It's so nice to see you helping others, and
listening to what they have to say!";"It's so nice to see you helping others, and
listening to what they have to say!";
;;Haven;"I think the people in the library would really
appreciate some good poetry!";"I think the people in the library would really
appreciate some good poetry!";
;;Haven;"There's no toilet paper in the stalls?\.
Hmmm ...";"There's no toilet paper in the stalls?\.
Hmmm ...";
;;Haven;"I suppose there would be no harm in asking a girl
to check if there's any in the women's restroom ...";"I suppose there would be no harm in asking a girl
to check if there's any in the women's restroom ...";
;;Haven;"...\| What, you want me to check?\.
I can't do everything for you, you know!";"...\| What, you want me to check?\.
I can't do everything for you, you know!";
;;Haven;"I heard there was someone stuck in the boys
restroom, maybe you should check it out!";"I heard there was someone stuck in the boys
restroom, maybe you should check it out!";
;;Haven;"I can’t imagine how horrible it would be to be
stuck there!";"I can’t imagine how horrible it would be to be
stuck there!";
;;Haven;Have you talked to Jeffrey yet?;Have you talked to Jeffrey yet?;
;;Haven;"He's in one of the classrooms, and was looking
pretty stressed out!";"He's in one of the classrooms, and was looking
pretty stressed out!";
;;Haven;"Have you checked out the gym? I heard someone
lost something there ...";"Have you checked out the gym? I heard someone
lost something there ...";
;;Haven;"It might be worth exploring a bit, talking to
some of the students and maybe even helping!";"It might be worth exploring a bit, talking to
some of the students and maybe even helping!";
;;Haven;Let me know if you need my help!;Let me know if you need my help!;
;;Haven;Looks like school's done for today!;Looks like school's done for today!;Bueno, creo que eso es todo por el día de hoy.
;;;Save;Save;Guardar
;;;Bruno;Bruno;
;;Bruno;"\etalk[37]Hey Penny, what's with the ... \|uhh\|
pan on your head?";"\etalk[37]Hey Penny, what's with the ... \|uhh\|
pan on your head?";
;;;Penny;Penny;
;;Penny;\etalk[36]What about it?;\etalk[36]What about it?;
;;Bruno;\etalk[37]I just haven't seen anyone wear a pan before ...;\etalk[37]I just haven't seen anyone wear a pan before ...;
;;Penny;"\etalk[36]I'm trying to start a new trend here! I think it
could really catch on.";"\etalk[36]I'm trying to start a new trend here! I think it
could really catch on.";
;;;Panny;Panny;
;;Panny;"\etalk[36]Just wait, you'll see everyone wearing one soon!\.
I'm even gonna call myself Panny now!";"\etalk[36]Just wait, you'll see everyone wearing one soon!\.
I'm even gonna call myself Panny now!";
;;Bruno;\etalk[37]Mhmm.\. Sure.;\etalk[37]Mhmm.\. Sure.;
;;;Mika;Mika;Mika
;;Mika;\etalk[9]And a little of this, and some of that ...;\etalk[9]And a little of this, and some of that ...;\etalk[9]Y quizá un poco de esto, y una pizca de...
;;Mika;\etalk[9]Ugh ...\. that doesn't look right ...;\etalk[9]Ugh ...\. that doesn't look right ...;\etalk[9]Ay...\. No está quedando bien...
;;;What are you doing?;What are you doing?;¿Qué haces?
;;Mika;\etalk[9]Oh, I'm just finishing up something I'm working on.;\etalk[9]Oh, I'm just finishing up something I'm working on.;\etalk[9]Mmm, solo trato de terminar esto.
;;;What is it?;What is it?;¿Y qué es eso?
;;;I'll leave you to it;I'll leave you to it;Te dejaré terminar
;;Mika;"\etalk[9]...\| Don't judge, but I was making my own fan art
of my favorite K-pop group, Stray Kats ...";"\etalk[9]...\| Don't judge, but I was making my own fan art
of my favorite K-pop group, Stray Kats ...";"\etalk[9]Ah...\| Estaba dibujando a las chicas de Blackrose.
Es mi banda de k-pop favorita."
;;Mika;"\etalk[9]Actually\. I could really use some feedback about
the colors,\. do you think you could help?";"\etalk[9]Actually\. I could really use some feedback about
the colors,\. do you think you could help?";"\etalk[9]Mmm...\. Quizá me podrías dar una mano con los
colores.\. ¿Te gustaría?"
;;Mika;\etalk[9]Really? Thank you so much!;\etalk[9]Really? Thank you so much!;\etalk[9]¡Súper! ¡Ay, esto va a ser tan divertido! 
;;Mika;\etalk[9]Ah, alright! That's fine!;\etalk[9]Ah, alright! That's fine!;"\etalk[9]Tú tranquilo. Ya casi terminaba de
todas formas."
;;Mika;"\etalk[9]...\| Hey, you don't happen to be a master artist,\.
right?";"\etalk[9]...\| Hey, you don't happen to be a master artist,\.
right?";"\etalk[9]...\| Hey,\. ¿tienes un minuto, compañero?"
;;Mika;"\etalk[9]I'm working on this drawing, but I can't figure out
what colors to use...";"\etalk[9]I'm working on this drawing, but I can't figure out
what colors to use ...";"\etalk[9]Es que necesito algunas sugerencias sobre qué
colores usar en unos dibujos que hice..."
;;Mika;"\etalk[9]It's some fan art about my favorite ...\| K-pop\. group.\|
Do you think you could help?";"\etalk[9]It's some fan art about my favorite ...\| K-pop\. group.\|
Do you think you could help?";"\etalk[9]Dibujé cada integrante de mi banda favorita.\|
¿Te gustaría ayudarme con los colores?"
;;Mika;"\etalk[9]Do you think you could help me?
With the colors, you know ...";"\etalk[9]Do you think you could help me?
With the colors, you know ...";"\etalk[9]¿Quisieras darme una ayudita con los
colores?"
;;Mika;\etalk[9]Okay, I'll be here. Suffering.;\etalk[9]Okay, I'll be here. Suffering.;"\etalk[9]Okey. Debes estar ocupado. Disculpa.
Yo puedo sola...Creo."
;;;She seems too busy, I might talk to her later.;She seems too busy, I might talk to her later.;Parece ocupada. Hablaré con ella después.
;;Mika;"By the way, Stray Kats like to dye their hair a lot
and wear different contact lenses.";"By the way, Stray Kats like to dye their hair a lot
and wear different contact lenses.";"¿Sabes? A las chicas de Blackrose les encanta
teñirse el pelo antes de cada show."
;;Mika;"Their hair and eyes look different in every
performance!";"Their hair and eyes look different in every
performance!";"Siempre aparecen con un color de cabello o de
ojos distinto."
;;Mika;"Here's the first member, Hayden.\.
She's the main vocalist and lead dancer.";"Here's the first member, Hayden.\.
She's the main vocalist and lead dancer.";"Ella es Hayden.\.
Es la vocalista principal y bailarina líder."
;;Mika;Alright, what should her hair and bow color be?;Alright, what should her hair and bow color be?;"Entonces, ¿qué color te gustaría que sea su
cabello y su lazo?"
;;;\c[2]Red/Pink;\c[2]Red/Pink;\c[2]Rojo
;;;\c[1]Yellow;\c[1]Yellow;\c[1]Amarillo
;;;\c[4]Brown;\c[4]Brown;\c[4]Marrón
;;;\c[3]Cyan;\c[3]Cyan;\c[3]Cian
;;Mika;"You're right, this looks great!\.
The pink really brings out her character!";"You're right, this looks great!\.
The pink really brings out her character!";"¡Quedó fabuloso!\.
El rojo sí que resalta su personalidad enérgica."
;;Mika;...\| It's okay.;...\| It's okay.;...\| Está bien.
;;Mika;"You're right, this looks great!\.
It's her natural hair color, so it makes sense!";"You're right, this looks great!\.
It's her natural hair color, so it makes sense!";"¡Oh, se ve tan linda con ese!\.
De hecho, ese es su color natural; por si no sabías."
;;Mika;"You're right, this looks great!\.
Cyan's one of my favorite colors too, hehe.";"You're right, this looks great!\.
Cyan's one of my favorite colors too, hehe.";"Oye, ¡le quedó fabuloso!\.
No sé tú, pero yo ¡adooro el cian!"
;;Mika;Okay, and her eye color?;Okay, and her eye color?;¿Y qué color de ojos sugieres?
;;;\c[6]Blue;\c[6]Blue;\c[6]Azules
;;;\c[2]Red;\c[2]Red;\c[2]Rojos
;;;\c[5]Purple;\c[5]Purple;\c[5]Violetas
;;Mika;Looks good enough.;Looks good enough.;Va quedando cada vez mejor.
;;Mika;"Next up is her outfit, what should the main
color be?";"Next up is her outfit, what should the main
color be?";"Ahora, ¿de qué color debería ser su outfit?"
;;;\c[7]Blue;\c[7]Blue;\c[7]Azul
;;;White;White;Blanco
;;;\c[9]Dark Blue;\c[9]Dark Blue;\c[9]Azul marino
;;Mika;"Yes, it's really coming together!\|
This is one of her more popular outfits!";"Yes, it's really coming together!\|
This is one of her more popular outfits!";"¡Me gusta como está quedando!\|
Este es uno de sus outfits más populares."
;;Mika;"Yes, it's really coming together!\|
I really like this specific outfit ...";"Yes, it's really coming together!\|
I really like this specific outfit ...";"Oh, se ve tan preciosa en este.\|
Creo que encontré mi outfit favorito."
;;Mika;Yes, it's really coming together!;Yes, it's really coming together!;Quedó bastante bien, ¿no crees?
;;Mika;"They wore this one on the special anniversary
show of Stray Kats!";"They wore this one on the special anniversary
show of Stray Kats!";"Este fue usado en un show especial por su
aniversario."
;;Mika;"I don't think they've worn something like
this before!";"I don't think they've worn something like
this before!";"Creo que nunca han usado algo así antes."
;;Mika;"And finally, the second color for her outfit!
What would fit well?";"And finally, the second color for her outfit!
What would fit well?";"Okey, ¿qué otro color le pondrías?"
;;;\c[8]Pink;\c[8]Pink;\c[8]Rosa
;;;\c[10]Green;\c[10]Green;\c[8]Verde
;;Mika;You're right, this looks good!;You're right, this looks good!;Hey, ¡quedó fantástico!
;;Mika;Oh my god,\. it's perfect!;Oh my god,\. it's perfect!;Caray.\. ¡Está PER-FECTO!
;;Mika;"Before we move on, I wanted to say that they
usually all match each other's outfit and colors!";"Before we move on, I wanted to say that they
usually all match each other's outfit and colors!";"Antes de continuar, quiero decirte que las tres
llevan usualmente el mismo outfit."
;;Mika;"I could re-use the same colors for the
other two, or we could have three different ones!";"I could re-use the same colors for the
other two, or we could have three different ones!";"Si quieres, podemos usar los mismos colores
para las otras, o usar otros. Depende de ti."
;;;Different outfits;Different outfits;Outfits diferentes
;;;Re-use colors;Re-use colors;Outfits iguales
;;Mika;Okay! Let's get started with Jiyu!;Okay! Let's get started with Jiyu!;Vale, comencemos con Jiyu.
;;Mika;"Here's my drawing of Jiyu! She's the lead vocalist,
and the other lead dancer!";"Here's my drawing of Jiyu! She's the lead vocalist,
and the other lead dancer!";"Esta es Jiyu. Ella es la vocalista,
Y bailarina líder del grupo."
;;Mika;Okay, what color should her hair be?;Okay, what color should her hair be?;¿De qué color debería ser su cabello?
;;Mika;Right, red is a great option!;Right, red is a great option!;Rojo corazón, me agrada.
;;Mika;Right, yellow is a great option!;Right, yellow is a great option!;Amarillo también le cae bien.
;;Mika;Right, brown is a great option!;Right, brown is a great option!;Un marrón castaño no está nada mal.
;;Mika;Right, cyan is a great option!;Right, cyan is a great option!;Cian, ¿eh? Ese sí que me gusta.
;;Mika;"That looks great!
They look so shiny ...";"That looks great!
They look so shiny ...";"¡Quedó fantástico!
¡Se ve tan radiante!"
;;Mika;And now her outfit! What could be the main color?;And now her outfit! What could be the main color?;"Bien, ahora su outfit. ¿Cuál debería ser
el color principal?"
;;Mika;That works!;That works!;Perfecto
;;Mika;And finally, the second color for her outfit?;And finally, the second color for her outfit?;Okey, ¿qué otro color más te gustaría?
;;Mika;I'm really happy with how this one turned out!;I'm really happy with how this one turned out!;Caramba, qué bien que quedó.
;;Mika;One more member left!;One more member left!;Solo queda una miembro más.
;;Mika;"Here's Haeri. She is the leader of Stray Kats, and
the main vocalist and rapper!";"Here's Haeri. She is the leader of Stray Kats, and
the main vocalist and rapper!";"Presentando a la vocalista y rapera principal
de Blackrose: ¡Haeri!"
;;Mika;What color for the hair?;What color for the hair?;"Bueno, aquí vamos una última vez.
¿Color de cabello?"
;;Mika;Yes! That looks good!;Yes! That looks good!;¡Bien, bien! Ay, está quedando hermosa.
;;Mika;Hmm, it looks okay.;Hmm, it looks okay.;Okey, supongo que está bien.
;;Mika;"Not that it's bad, but I think another color
would have been better!";"Not that it's bad, but I think another color
would have been better!";"No está mal pero... quizá le caería mejor
otro color."
;;Mika;And now her eye color ...;And now her eye color ...;¿Color de ojos?
;;Mika;Okay, I like this ...;Okay, I like this ...;Oh, están lindos...
;;Mika;And the main color of the outfit?;And the main color of the outfit?;¿Color primario de outfit?
;;Mika;Yeah, that's good!;Yeah, that's good!;¡Liisto!
;;Mika;And finally! The second color ...;And finally! The second color ...;Y finalmente, el color secundario...
;;Mika;It looks great, I love how she looks here!;It looks great, I love how she looks here!;¡Me encanta, me encanta, me encanta!
;;Mika;We're finally done!;We're finally done!;Uff, finalmente acabamos.
;;Mika;"Alright, give me a second to fill in the other
members ...";"Alright, give me a second to fill in the other
members ...";"Okey, dame un segundito para pintar a las otras."
;;Mika;"\etalk[9]That looks amazing!\.
Thank you so much for your help!";"\etalk[9]That looks amazing!\.
Thank you so much for your help!";"\etalk[9]¡Quedaron SÚPER increíbles! En serio.\.
Muchas gracias por ayudarme."
;;Mika;\etalk[9]I want to give you this, as a little thank you!;\etalk[9]I want to give you this, as a little thank you!;"\etalk[9]Quiero darte esto como agradecimiento."
;;Mika;"\etalk[9]It's a CD from Stray Kats, the group I was
drawing!";"\etalk[9]It's a CD from Stray Kats, the group I was
drawing!";"\etalk[9]Es un CD de música de Blackrose. Escúchalo y luego
me cuentas qué te pareció."
;;Mika;\etalk[9]I'll see ya around!;\etalk[9]I'll see ya around!;\etalk[9]Bueno, nos vemos por ahí.
;;Mika;\etalk[9]Thanks again!;\etalk[9]Thanks again!;"\etalk[9]Y gracias de nuevo por tu ayuda.
Ahora sí, byyye."
;;Mika;"\etalk[9]I was thinking of posting it online, do you
think Stray Kats might see it?";"\etalk[9]I was thinking of posting it online, do you
think Stray Kats might see it?";"\etalk[9]Pensaba subirlo a mis redes. ¿Crees que
alguien de Blackrose lo vería?"
;;;The door is locked.;The door is locked.;La puerta está cerrada.
;;;"I guess they wouldn't want random students
entering the teacher's lounge.";"I guess they wouldn't want random students
entering the teacher's lounge.";"Parece que no quieren que ningún estudiante
entre en la sala de profesores."
;;;"Despite being really curious about what’s behind
the door,\. it’s still locked.";"Despite being really curious about what’s behind
the door,\. it’s still locked.";""
;;;Nope, still locked.;Nope, still locked.;
;;;You try to open the door.;You try to open the door.;
;;;"You’ve given it everything,\. but the door remains
closed.";"You’ve given it everything,\. but the door remains
closed.";
;;;It's a toolbox, filled with all kinds of tools.;It's a toolbox, filled with all kinds of tools.;
;;;"Cool ""Guy"" McCoolson";"Cool ""Guy"" McCoolson";
;;"Cool ""Guy"" McCoolson";"\etalk[24]I'm actually supposed to be in class
right now...";"\etalk[24]I'm actually supposed to be in class
right now ...";
;;"Cool ""Guy"" McCoolson";\etalk[24]... But I'd rather stay with Tuffy.;\etalk[24]... But I'd rather stay with Tuffy.;
;;;Tuffy;Tuffy;
;;Tuffy;\etalk[25]Awesome.;\etalk[25]Awesome.;
;;;Vee;Vee;Vee
;;Vee;What do you want? You've got something to say?;What do you want? You've got something to say?;¿Y tú qué quieres?
;;Vee;Wasting my time ...;Wasting my time ...;Cielos, este mocoso...
;;Vee;"What is your problem?
That was really loud!";"What is your problem?
That was really loud!";"Hey, ¿cuál es tu problema?
¡No ves que haces mucho ruido!"
;;;Do you want some tea?;Do you want some tea?;¿Te apetece un té?
;;Vee;...\| Tea?;...\| Tea?;...\| ¿Té?
;;Vee;"Why would you offer me tea?\|
I mean, I'd really like that ...";"Why would you offer me tea?\|
I mean, I'd really like that ...";"¿Así sin más?\|
Bueno, sí quisiera un poco, pero..."
;;Vee;... But why? You don't even know me.;... But why? You don't even know me.;"... Ni siquiera me conoces.
¿Por qué me ofrecerías un té?"
;;;It looks like you need it;It looks like you need it;Parece que lo necesitas
;;;Thought you might like it;Thought you might like it;Pensé que te gustaría
;;Vee;"You know, I used to love tea ...\|
My grandma used to make it for me all the time.";"You know, I used to love tea ...\|
My grandma used to make it for me all the time.";"Mmm... Mi abuela solía prepararme té a menudo.\|
Ni te imaginas cuán delicioso era."
;;Vee;"Thanks ...\. I suppose.\|
I'm sorry I was acting mean and stuff ...";"Thanks ...\. I suppose.\|
I'm sorry I was acting mean and stuff ...";"Bueno, gracias...\. Supongo.\|
Disculpa si fui un poco ruda al principio."
;;Vee;"I used to get pushed around a lot when
I was younger.";"I used to get pushed around a lot when
I was younger.";"Así es como fui tratada desde pequeña."
;;Vee;"The taller kids would always pick on me, so I
started defending myself, but it's tough.";"The taller kids would always pick on me, so I
started defending myself, but it's tough.";"Los más grandes siempre se metían conmigo, así
que tuve que aprender a defenderme por mí misma."
;;Vee;"I'm really not mean-hearted, but it's kinda become
second nature to act this way.";"I'm really not mean-hearted, but it's kinda become
second nature to act this way.";"No es que sea así todo el tiempo; creo que es más
un mecanismo de defensa."
;;Vee;"I actually really enjoy reading and writing 
poetry, it used to be my only way to escape.";"I actually really enjoy reading and writing 
poetry, it used to be my only way to escape.";"Mi única escapatoria solía ser la poesía. De hecho,
aún me encanta leer y escribir algunos versos."
;;Vee;... I could share some of my work if you'd like.;... I could share some of my work if you'd like.;"... Si quieres te puedo mostrar algunos poemas
que escribí."
;;;I love poetry;I love poetry;Adoro la poesía
;;Vee;... You do?;... You do?;¿En serio?
;;Vee;I guess I'm not the only one here!;I guess I'm not the only one here!;¡Pensé que era la única aquí!
;;Vee;Here you go.;Here you go.;Aquí tienes.
;;Vee;"Thanks for the tea, I'll have to try it out once
I'm home ...";"Thanks for the tea, I'll have to try it out once
I'm home ...";"Bueno, gracias por el té. Prepararé un poco
al llegar a casa."
;;Vee;Could you please stop that?;Could you please stop that?;¿Puedes parar?
;;;Tripp;Tripp;
;;Tripp;I've been sitting here for God knows how long.;I've been sitting here for God knows how long.;
;;Tripp;"I could stand up anytime I want to, but it just feels
nice sitting here.";"I could stand up anytime I want to, but it just feels
nice sitting here.";
;;;Aria;Aria;Aria
;;Aria;"I hate the stuff they play on the radio, that 'pop'
stuff is overrated.";"I hate the stuff they play on the radio, that 'pop'
stuff is overrated.";"Detesto cuando ponen esa basura 'pop' en la
radio TODO el tiempo. ¡Qué desperdicio!"
;;Aria;"I've got mixtapes of the best underground bands,
and unlike the stuff you hear on radio, it's good.";"I've got mixtapes of the best underground bands,
and unlike the stuff you hear on radio, it's good.";"Si quieres, te puedo mostrar algunas joyitas
poco conocidas, ¿qué dices?"
;;;I've got something underground;I've got something underground;Traje algunas
;;Aria;"Really? It better be something I know, like
Blue Day.";"Really? It better be something I know, like
Blue Day.";"¿Ah, de verdad? Pues ponlas. Puntos extra si
son tipo Blue Day."
;;Aria;"K-pop? You call this underground?
This is gonna suck ...";"K-pop? You call this underground?
This is gonna suck ...";"¿K-pop? ¿Es en serio? Caray, pensé que pondrías
algo más underground o algo así..."
;;Aria;You know what? This doesn't sound terrible ...;You know what? This doesn't sound terrible ...;Mmm... Creo que no suena taan mal...
;;Aria;Yeah! I might be into this stuff! K-pop!;Yeah! I might be into this stuff! K-pop!;Ja. Creo que podría llegar a gustarme.
;;Aria;Where did you get this CD?;Where did you get this CD?;¿Dónde conseguiste ese CD?
;;;Mika gave it;Mika gave it;Mika me lo dio
;;;I found it;I found it;Solo lo encontré
;;Aria;"I might have to go talk to her about it!\|
I mean ...\.\. have a chat with her.";"I might have to go talk to her about it!\|
I mean ...\.\. have a chat with her.";"Mmm...\| Quizá vaya a preguntarle si tiene más...\.
Digo...\. a conversar sobre nuestros gustos."
;;Aria;... She seems cool.;... She seems cool.;... Parece buena onda. 
;;Aria;No way, this is like a hidden gem!;No way, this is like a hidden gem!;"¿En serio? Qué suerte. A veces es difícil
encontrar joyitas como esta."
;;Aria;...\| I mean, yeah. It's cool.;...\| I mean, yeah. It's cool.;...\| O sea, creo que no está mal.
;;Aria;Yeah, this is good music.;Yeah, this is good music.;Sí, está muy buena.
;;Aria;...\. Okay.;...\. Okay.;...\. Okey.
;;;Potato;Potato;Papita
;;Potato;yes yes yes i am but a small potato boy;yes yes yes i am but a small potato boy;ajá, sí, eso, soy un chico papita
;;Potato;yes yes this is some groovy music;yes yes this is some groovy music;ay, está buenisisísima
;;Potato;potato boy enjoys;potato boy enjoys;a papita le encanta
;;Potato;potato boy thinks the trumpet is funny;potato boy thinks the trumpet is funny;papita piensa que la trompeta se oye graciosa
;;Potato;haha toot;haha toot;
;;;"""Yeahhh!
Society sucks, love hurts, screw everything!""";"""Yeahhh!
Society sucks, love hurts, screw everything!""";
;;;Insert CD;Insert CD;
;;Aria;Hey! What do you think you're doing?;Hey! What do you think you're doing?;
;;Aria;"K-pop? Are you serious?\!
Stop touching my boombox!";"K-pop? Are you serious?\!
Stop touching my boombox!";
;;;"The lyrics are in Korean, with the occasional
English sentences.";"The lyrics are in Korean, with the occasional
English sentences.";
;;;The Twins;The Twins;Los Gemelos
;;The Twins;\etalk[11]Hey! It's you, dude!;\etalk[11]Hey! It's you, dude!;
;;The Twins;"\etalk[11]Well, our ball broke while we were playing
with it!";"\etalk[11]Well, our ball broke while we were playing
with it!";
;;The Twins;\etalk[11]Hell yeah!;\etalk[11]Hell yeah!;
;;;John;John;
;;John;Hi.;Hi.;
;;John;I'm John.;I'm John.;
;;John;We have been expecting you.;We have been expecting you.;
;;;What?;What?;
;;John;...\. You're not John, are you?;...\. You're not John, are you?;
;;John;Most people aren't.;Most people aren't.;
;;John;... But maybe you could be.;... But maybe you could be.;
;;John;You just need to prove you can be.;You just need to prove you can be.;
;;John;What do you think?;What do you think?;
;;;How do I become John;How do I become John;
;;John;Very well.;Very well.;
;;John;"You'll have to overcome some challenges to prove
you're worthy.";"You'll have to overcome some challenges to prove
you're worthy.";
;;John;Take this.;Take this.;
;;John;It's a John Meter.;It's a John Meter.;
;;John;It fills up whenever you complete these challenges.;It fills up whenever you complete these challenges.;
;;John;I'll see you tomorrow for the first challenge.;I'll see you tomorrow for the first challenge.;
;;John;Ok;Ok;
;;;Handy;Handy;Handy
;;Handy;"I should probably go to school soon, or I might
get expelled...";"I should probably go to school soon, or I might
get expelled ...";"Creo que mejor entrop de una vez, si no puedo
ser expulsado..."
;;Handy;Looks like I didn't get caught.;Looks like I didn't get caught.;Parece que ningún profesor me vio.
;;;Here I am again, at school.;Here I am again, at school.;Bueno, aquí me encuentro... de nuevo.
;;;Same walls, same air...;Same walls, same air ...;Las mismas paredes, la misma atmósfera...
;;;...\. and that same feeling.;...\. and that same feeling.;...\. y aquella misma sensación.
;;;"I thought I would have left it behind by now,\.
but there must be a reason I'm back here.";"I thought I would have left it behind by now,\.
but there must be a reason I'm back here.";"Pense que ya lo había superado, pero no.\.
Debe haber una buena razón para estar aquí de nuevo."
;;;Maybe this white sheet will help.;Maybe this white sheet will help.;Tal vez esta manta blanca ayude.
;;;"After I picked out a movie, I lit up and let the haze
settle in while I watched.";"After I picked out a movie, I lit up and let the haze
settle in while I watched.";"Luego, encendí un cigarrillo y me quedé observando
los hilos de humo que se formaban."
;;;"I don't remember how much I did, which could mean
I lost track ...";"I don't remember how much I did, which could mean
I lost track ...";"No recuerdo mucho de lo que pasó después... es
como si me hubiera desconectado de todo."
;;;I haven't had any thoughts in a while.;I haven't had any thoughts in a while.;Mi mente ha estado en blanco últimamente.
;;;"But now that I am thinking, I can't seem to
remember anything.";"But now that I am thinking, I can't seem to
remember anything.";No logro recordar casi nada...
;;;"However, looking at this shelf, I remember picking
out a movie to watch.";"However, looking at this shelf, I remember picking
out a movie to watch.";"Pero, ahora que veo esta estantería, recuerdo
escoger una de sus películas."
;;;"I think it was about a guy who built a time
machine out of a DeLorean...";"I think it was about a guy who built a time
machine out of a DeLorean ...";"Era sobre un chico que volvió en el tiempo
en un DeLorean..."
;;;"I think it was about a kid who was left behind
during the holidays...";"I think it was about a kid who was left behind
during the holidays ...";"Era sobre una chica que atraviesa una puerta en
la pared, creo que se llamaba Caroline..."
;;;"I think it was about a superhero who got their
powers from a radioactive bug bite...";"I think it was about a superhero who got their
powers from a radioactive bug bite ...";"Era sobre un chico que fue mordido por una
araña..."
;;;"I think it was about a battle in a galaxy far,
far away...";"I think it was about a battle in a galaxy far,
far away ...";"Era sobre naves espaciales y armas láser en
un lugar muy muy lejano."
;;;"I think it was about a guy who started a club with a
friend about fighting...";"I think it was about a guy who started a club with a
friend about fighting ...";"Era sobre un lugar mágico llamado Terabithia que
dos chicos crean como escape de la realidad..."
;;;What input are you using?;What input are you using?;Seleccione un método de entrada:
;;;Keyboard;Keyboard;Teclado
;;;Playstation Controller;Playstation Controller;Control de Playstation
;;;Xbox Controller;Xbox Controller;Control de Xbox
;;;"You can enable Reduced Cutscenes to reduce the
speed and lights of some cutscenes.";"You can enable Reduced Cutscenes to reduce the
speed and lights of some cutscenes.";"¿Habilitar Cinemáticas Reducidas para reducir
la duración y el brillo de algunas escenas?"
;;;Enable;Enable;Habilitar
;;;Disable;Disable;Deshabilitar
;;;The air is dry, and sucking the life out of my lungs.;The air is dry, and sucking the life out of my lungs.;"Siento como si me asfixiara cada vez que
intento inhalar este aire seco."
;;;I feel everything at a maximum.;I feel everything at a maximum.;Es como si pudiera sentirlo todo a mi alrededor...
;;;And I feel nothing at the same time.;And I feel nothing at the same time.;Todo, y al mismo tiempo, nada.
;;;All these whispers ...;All these whispers ...;Las voces...
;;;They're still haunting me after everything.;They're still haunting me after everything.;Aún siguen atormentándome.
;;;How much longer can I keep running from them?;How much longer can I keep running from them?;¿Por cuánto tiempo más tendré que lidiar con ellas?
;;;"I feel myself free, almost swimming through
the air.";"I feel myself free, almost swimming through
the air.";"Me siento libre, en paz... como si
flotara a la deriva en la inmensidad."
;;;I could lay here forever.;I could lay here forever.;"No me importaría quedarme recostado aquí
para siempre."
;;;I ...\| might be going ... \|soon ...;I ...\| might be going ... \|soon ...;Tal vez...\| sea hora de partir...\| dentro de poco...
;;;"The next thing I knew, the movie was over, and
time seemed to have slipped away from me.";"The next thing I knew, the movie was over, and
time seemed to have slipped away from me.";"Cuando al fin reaccioné, la película había terminado
hace varias horas."
;;;I wonder what happened to the clock's arms.;I wonder what happened to the clock's arms.;¿Qué les habrá pasado a sus manecillas?
;;;"Then, I might have gone to bed, and passed out on
my thoughts.";"Then, I might have gone to bed, and passed out on
my thoughts.";"Luego, me fui a mi cama y debo haberme quedado
dormido mientras pensaba."
;;;Which leads me here, wherever this might be.;Which leads me here, wherever this might be.;Y de alguna forma, acabé aquí tirado.
;;;"...\| I don't think it's a dream, since I'm clearly
thinking, and everything feels pretty real.";"...\| I don't think it's a dream, since I'm clearly
thinking, and everything feels pretty real.";"...\| No creo que todo esto sea un sueño;
se siente demasiado real para serlo."
;;;It's a kettle, filled with water.;It's a kettle, filled with water.;
;;;Fill the cup;Fill the cup;Llenar taza
;;;The basketball is too far away for you to reach.;The basketball is too far away for you to reach.;"La pelota de baloncesto está demasiado lejos
para que la alcances."
;;;A big closet.;A big closet.;-------------------------------------------
;;Worm;i don't know how i got here ...;i don't know how i got here ...;¿cómo llegue aquí?
;;;It's an empty cup.;It's an empty cup.;Es una taza vacía.
;;;Vinnie;Vinnie;Vinnie
;;Vinnie;...\. Why are you looking at me like that?;...\. Why are you looking at me like that?;...\. ¿Qué me miras?
;;Vinnie;"Hey, you better not snitch on me.
I know people who can screw you up.";"Hey, you better not snitch on me.
I know people who can screw you up.";"¡Hey, no vayas a estar andando de soplón, eh!
A menos que quieras que te haga la vida imposible."
;;Vinnie;"Yeah, I already checked all the stalls for toilet
paper.";"Yeah, I already checked all the stalls for toilet
paper.";"Sí, ya he buscado, pero no encontré más."
;;;I did my best.;I did my best.;Hice lo que pude.
;;Vinnie;Thanks for helping out.;Thanks for helping out.;Gracias por ayudar.
;;Vinnie;Why are you playing that in the restroom?;Why are you playing that in the restroom?;----------------------------------------
;;;I don't need to go now.;I don't need to go now.;------------------------------------------------
;;;Lucas;Lucas;Lucas
;;Lucas;Hello? Anyone? The toilet paper's gone!;Hello? Anyone? The toilet paper's gone!;"¿Hay alguien ahí? Es que se acabó el papel
de baño."
;;Lucas;"Hey! You! Could you please get me some toilet
paper?";"Hey! You! Could you please get me some toilet
paper?";"Oye, ¿crees que me podrías traer más papel?
Por favor."
;;Lucas;"Vinnie already checked the other stalls here
and they're all empty!";"Vinnie already checked the other stalls here
and they're all empty!";"Vinnie ya revisó todo el baño y no encontró
ningún papel."
;;Lucas;"Could you please try to get some toilet paper?
Maybe the women's room has some extra!";"Could you please try to get some toilet paper?
Maybe the women's room has some extra!";"Debe haber más en el baño de mujeres. Por favor,
te lo ruego. Solo necesito un rollo."
;;Lucas;Hey, did you get the toilet paper?;Hey, did you get the toilet paper?;¿Lograste conseguir más papel?
;;Lucas;Great, throw it over the door.;Great, throw it over the door.;"Uf, qué alivio. Pásalo por debajo de
la puerta porfa."
;;Lucas;Thanks man, appreciate it.;Thanks man, appreciate it.;"Gracias, amigo. Me salvaste de una buena"
;;Lucas;Hey! I can hear you leaving!;Hey! I can hear you leaving!;¡Hey! ¡¿Adónde vas?!
;;;The sink doesn't even work.;The sink doesn't even work.;El lavamanos está averiado.
;;Lucas;"Thanks for saving me dude, I've been stuck there
for a couple of hours now ...";"Thanks for saving me dude, I've been stuck there
for a couple of hours now ...";"No sé cómo agradecerte. Llevaba unas horas
atrapado ahí. Era una tortura."
;;Lucas;Uhhh...;Uhhh ...;Ah...
;;Lucas;Nice?;Nice?;Okey?
;;Lucas;"Thanks for saving me dude, I've been stuck there
for a couple of hours now...";"Thanks for saving me dude, I've been stuck there
for a couple of hours now ...";"No sé cómo agradecerte. Llevaba unas horas
atrapado ahí. Era una tortura."
;;;Coach;Coach;
;;Coach;\etalk[3]Wrong! You're doing it wrong!;\etalk[3]Wrong! You're doing it wrong!;
;;;Jaxon;Jaxon;
;;Jaxon;This? Yeah, it's a full 5 kg.;This? Yeah, it's a full 5 kg.;
;;Jaxon;"You probably think that's impressive already, but 
last week I managed to do 100 grams extra!";"You probably think that's impressive already, but 
last week I managed to do 100 grams extra!";
;;The Twins;\etalk[5]Hi! We're the twins!;\etalk[5]Hi! We're the twins!;\etalk[5]¡Yo, bro! ¡Somos los gemelos!
;;The Twins;"\etalk[5]You probably noticed that we kinda look like
each other ...";"\etalk[5]You probably noticed that we kinda look like
each other ...";"\etalk[5]Seguro notaste que nos parecemos demasiado..."
;;The Twins;\etalk[5]... and that's because we're twins!;\etalk[5]... and that's because we're twins!;\etalk[5]Obvio, ¡somos gemelos!
;;The Twins;"\etalk[5]Hey,\. you wouldn't happen to know where our
basketball is?";"\etalk[5]Hey,\. you wouldn't happen to know where our
basketball is?";"\etalk[5]Hey,\. hace poco perdimos nuestra pelota
de baloncesto, ¿la has visto?"
;;;I don't think so;I don't think so;Creo que no
;;The Twins;"\etalk[5]Nuts, it was signed by Tyler 'T-Bolt' Jackson
himself!";"\etalk[5]Nuts, it was signed by Tyler 'T-Bolt' Jackson
himself!";"\etalk[5]Rayos, ¡estaba firmada por el mismísimo
Michael 'The Alien' Wembanyama!"
;;The Twins;\etalk[5]He's like our hero!;\etalk[5]He's like our hero!;"\etalk[5]Bro, ¿ya viste los pases que hace?
¡Son de otro planeta!"
;;The Twins;"\etalk[5]...\| Bro, now that I think about it, didn't that
janitor take our ball yesterday?";"\etalk[5]...\| Bro, now that I think about it, didn't that
janitor take our ball yesterday?";"\etalk[5]Momento...\| ¿No fue el conserje quien nos
confiscó la pelota ayer?"
;;The Twins;\etalk[5].\..\..\| Oh yeaaah!;\etalk[5].\..\..\| Oh yeaaah!;\etalk[5].\..\..\| ¡Es verdaaa!
;;The Twins;\etalk[5]I think the janitor's closet is locked though ...;\etalk[5]I think the janitor's closet is locked though ...;"\etalk[5]Tiene que estar en el cuarto de limpieza.\.
Pero seguro está con llave."
;;The Twins;"\etalk[5]If you do happen to get our ball, we'd really
appreciate it!";"\etalk[5]If you do happen to get our ball, we'd really
appreciate it!";\etalk[5]Ojalá alguien pudiera entrar y sacarla de ahí.
;;The Twins;"\etalk[5]You look pretty busy, we'll stop bothering
you now!";"\etalk[5]You look pretty busy, we'll stop bothering
you now!";\etalk[5]Bueno, bro, fue cool hablar contigo.
;;The Twins;\etalk[5]We'll be happy to talk to you later!;\etalk[5]We'll be happy to talk to you later!;\etalk[5]Nos vemos por ahí. ¡Byeeee!
;;;I have it;I have it;Está aquí
;;The Twins;\etalk[5]No way! He found our ball!;\etalk[5]No way! He found our ball!;\etalk[5]¡Hey, la encontraste!
;;The Twins;\etalk[5]Could we like, have it back?;\etalk[5]Could we like, have it back?;\etalk[5]¿Nos la das?
;;The Twins;\etalk[5]Awesome, bro! Thanks a lot!;\etalk[5]Awesome, bro! Thanks a lot!;\etalk[5]¡Genial!
;;The Twins;\etalk[5]Hey bro, let's go play with our ball outside!;\etalk[5]Hey bro, let's go play with our ball outside!;\etalk[5]Hey, vamos a jugar afuera.
;;The Twins;\etalk[5]Good idea, man!;\etalk[5]Good idea, man!;\etalk[5]¡Ahí voy!
;;The Twins;\etalk[5]Come on bro, it's our ball ...;\etalk[5]Come on bro, it's our ball ...;\etalk[5]¿Eh? ¡Pero es nuestra...!
;;;Alright;Alright;Okay
;;The Twins;\etalk[5]Uhh ... That's not our ball!;\etalk[5]Uhh ... That's not our ball!;\etalk[5]Bro, esa no es nuestra pelota.
;;The Twins;"\etalk[5]We appreciate the effort, but our
ball was signed by our hero!";"\etalk[5]We appreciate the effort, but our
ball was signed by our hero!";"\etalk[5]Gracias y todo, pero nuestra pelota estaba
firmada por Wenby."
;;The Twins;"\etalk[5]The janitor took ours! It's probably
in his closet!";"\etalk[5]The janitor took ours! It's probably
in his closet!";"\etalk[5]¡El conserje se llevó la nuestra! Debe estar
en el cuarto de limpieza."
;;;You threw away the old basketball.;You threw away the old basketball.;Dejaron caer la pelota que les traje.
;;The Twins;"\etalk[5]The janitor took our ball, so it's probably
in his closet.";"\etalk[5]The janitor took our ball, so it's probably
in his closet.";"\etalk[5]El conserje debe haber puesto la nuestra en
el cuarto de limpieza."
;;;I found your ball;I found your ball;Encontré su pelota
;;;Kai;Kai;
;;Kai;"\etalk[6]I'm so good at soccer it's insane how many
matches I've won I should join the professionals";"\etalk[6]I'm so good at soccer it's insane how many
matches I've won I should join the professionals";
;;;Rob;Rob;
;;Rob;I\| \{AM\| \{TRYING\| \{MY BEST!;I\| \{AM\| \{TRYING\| \{MY BEST!;
;;;Trumpeter;Trumpeter;Trompetista
;;Trumpeter;"How could this even happen? I swear I looked
everywhere.";"How could this even happen? I swear I looked
everywhere.";
;;;What's wrong?;What's wrong?;
;;Trumpeter;"I've lost my trumpet! I was carrying it to school,
went to the restroom and couldn't find it anymore!";"I've lost my trumpet! I was carrying it to school,
went to the restroom and couldn't find it anymore!";
;;Trumpeter;"I guess I'll have to order another one, but it's a 
shame because they're not cheap...";"I guess I'll have to order another one, but it's a 
shame because they're not cheap ...";
;;;I could help;I could help;
;;;That's a shame;That's a shame;
;;Trumpeter;"I would really appreciate that, altough I have
looked in every place and found nothing.";"I would really appreciate that, altough I have
looked in every place and found nothing.";
;;Trumpeter;Yes, it really is.;Yes, it really is.;
;;Trumpeter;"...\| Well, if you do end up finding it, be sure to let
me know.";"...\| Well, if you do end up finding it, be sure to let
me know.";
;;Trumpeter;If you do find it, then be sure to let me know.;If you do find it, then be sure to let me know.;
;;;I think I found it;I think I found it;
;;Trumpeter;You have?;You have?;
;;Trumpeter;Oh my god! I can't believe it, my trumpet!;Oh my God! I can't believe it, my trumpet!;¡Genial! ¡La encontraste!
;;Trumpeter;Dude, thank you so much! I really thought I'd lost it!;Dude, thank you so much! I really thought I'd lost it!;"Uff. Por un momento pense que tendría que
comprar otra."
;;Trumpeter;"Actually, if you have time, do you wanna have
a lil jam?";"Actually, if you have time, do you wanna have
a lil jam?";"Hey, ¿qué tal si hacemos algo de música
ya que estamos por aquí?"
;;Trumpeter;"You hop on the keyboard, and I'll play
something on my trumpet! ";"You hop on the keyboard, and I'll play
something on my trumpet! ";"¡Tú le das al teclado y yo te acompaño
con mi trompeta!"
;;Trumpeter;"Yeah, that's a great idea!
Let me know if you're up!";"Yeah, that's a great idea!
Let me know if you're up!";"Es una buena idea, ¿eh?
Anímate."
;;Trumpeter;Hey, is that my trumpet?;Hey, is that my trumpet?;¡Mi trompeta!
;;;Yeah;Yeah;Sí
;;Trumpeter;"Hop on the keyboard and we can have a
jam session!";"Hop on the keyboard and we can have a
jam session!";¿Qué dices? ¿Te animas a tocar el teclado?
;;Trumpeter;You ready to jam?;You ready to jam?;¿Tas listo?
;;Trumpeter;"Alright, key is in C major.
Bring it on!";"Alright, key is in C major.
Bring it on!";"Okay, quiero que toques en do mayor.
¡Vamos, lucete!"
;;Trumpeter;That was awesome! Nice job buddy!;That was awesome! Nice job buddy!;¡Bravísimo! ¡Vaya que te luciste ahí, eh!
;;;"It's a poster of one of my favorite albums as
a child.";"It's a poster of one of my favorite albums as
a child.";
;;;I would listen to it on repeat for hours.;I would listen to it on repeat for hours.;
;;;It's a stand for sheet music.;It's a stand for sheet music.;
;;;Gabriel;Gabriel;
;;Gabriel;Woohoo! Books!;Woohoo! Books!;
;;Gabriel;I don't even know how to read!;I don't even know how to read!;
;;Gabriel;"I'm just looking at the words!\.
They're kinda funny!";"I'm just looking at the words!\.
They're kinda funny!";
;;;Pedestrian;Pedestrian;
;;Pedestrian;Hi, are you here to join the School Book Club?;Hi, are you here to join the School Book Club?;
;;Pedestrian;Well I'm sorry, but the club is currently full.;Well I'm sorry, but the club is currently full.;
;;Pedestrian;"You can try again tomorrow.\|
Or the day after tomorrow.";"You can try again tomorrow.\|
Or the day after tomorrow.";
;;Pedestrian;... Or whenever we have space for more.;... Or whenever we have space for more.;
;;Pedestrian;Good, because the club is already full.;Good, because the club is already full.;
;;;She seems to be looking at the bookshelves.;She seems to be looking at the bookshelves.;Parece estar algo distraída.
;;;Interrupt;Interrupt;Interrumpir
;;;Hazel;Hazel;Hazel
;;Hazel;"\etalk[5]Oh ...\. I'm sorry ...\.
I'm in your way, aren't I?";"\etalk[5]Oh ...\. I'm sorry ...\.
I'm in your way, aren't I?";"\etalk[5]Ay, disculpa...\.
No quería estorbarte. Pasa."
;;;I wanted to give you this;I wanted to give you this;Quería darte esto
;;;Nevermind;Nevermind;Olvídalo
;;Hazel;\etalk[5]Huh?;\etalk[5]Huh?;\etalk[5]¿Ah?
;;Hazel;"\etalk[5]Oh, thank you ...\|
I wasn't expecting that. ";"\etalk[5]Oh, thank you ...\|
I wasn't expecting that. ";"\etalk[5]Ah, gracias. ¿Qué es?"
;;Hazel;\etalk[5]...\. Did you write these?;\etalk[5]...\. Did you write these?;"\etalk[5]Ah, son... poesías.\. ¿Tú las escribiste?"
;;;Vee did;Vee did;Fue Vee
;;Hazel;\etalk[5]...\. These are nice.;\etalk[5]...\. These are nice.;\etalk[5]...\. Pues parecem bastante buenas.
;;Hazel;"\etalk[5]I'll have to read these in detail when I have 
the time.";"\etalk[5]I'll have to read these in detail when I have 
the time.";"\etalk[5]Las leeré con más calma más tarde."
;;Hazel;\etalk[5]...\| I didn't know she was into this kinda stuff.;\etalk[5]...\| I didn't know she was into this kinda stuff.;\etalk[5]...\| Oh, no sabía que le gustaba este tipo de cosas.
;;Hazel;"\etalk[5]...\| It isn't bad.
It actually has a bit of charm.";"\etalk[5]...\| It isn't bad.
It actually has a bit of charm.";"\etalk[5]...\| No están mal.
Tienen cierto encanto."
;;Hazel;"\etalk[5]Thank you for giving this to me.
I really ...\| appreciate it.";"\etalk[5]Thank you for giving this to me.
I really ...\| appreciate it.";"\etalk[5]...\| Gracias por dármelas.\|
Lo digo en serio."
;;;Librarian;Librarian;
;;Librarian;\etalk[6]Hi, try to be as quiet as possible please!;\etalk[6]Hi, try to be as quiet as possible please!;
;;;"It's full of books.\.
Read one?";"It's full of books.\.
Read one?";
;;;You grab a book and open a random page.;You grab a book and open a random page.;
;;;"""Our Memories""";"""Our Memories""";
;;;"""Some believe there’s a hidden part of the mind
that doesn’t think, it only remembers.""";"""Some believe there’s a hidden part of the mind
that doesn’t think, it only remembers.""";
;;;"""It holds the moments we can’t face, storing them
deep beneath the surface.""";"""It holds the moments we can’t face, storing them
deep beneath the surface.""";
;;;"""It's not really you, but a part that lives
inside you.""";"""It's not really you, but a part that lives
inside you.""";
;;;"""Drugs That Change Us""";"""Drugs That Change Us""";
;;;"""Some substances shift how we see the world.""";"""Some substances shift how we see the world.""";
;;;"""The shapes change, colors are vibrant, and
memories come loose from time.""";"""The shapes change, colors are vibrant, and
memories come loose from time.""";
;;;"""A few say they’ve seen things that shouldn’t exist,
but felt more real than anything else.""";"""A few say they’ve seen things that shouldn’t exist,
but felt more real than anything else.""";
;;;"""Maybe it’s just another layer we’re not meant
to see.""";"""Maybe it’s just another layer we’re not meant
to see.""";
;;;"""The Darkness Underneath Our Bodies""";"""The Darkness Underneath Our Bodies""";
;;;"""Regret sinks deeper than most feelings, hiding in
a place most people never dare to look.""";"""Regret sinks deeper than most feelings, hiding in
a place most people never dare to look.""";
;;;"""Some who enter learn to forgive what they find.""";"""Some who enter learn to forgive what they find.""";
;;;"""Others never come back. The weight pulls hard
if you’re not ready.""";"""Others never come back. The weight pulls hard
if you’re not ready.""";
;;;"""Meow""";"""Meow""";
;;;"""Meow.\! Meow.\! Meow.\! Meow.\! Meow.\! Meow.""";"""Meow.\! Meow.\! Meow.\! Meow.\! Meow.\! Meow.""";
;;;"You flip through the pages and see the only words
in this book are meow.";"You flip through the pages and see the only words
in this book are meow.";
;;;"""Whispers Between Us""";"""Whispers Between Us""";
;;;"""He reached for her hand, but paused, afraid that
the moment might shatter if he moved too fast.""";"""He reached for her hand, but paused, afraid that
the moment might shatter if he moved too fast.""";
;;;"""I don’t know if this will last, he whispered.""";"""I don’t know if this will last, he whispered.""";
;;;"""Maybe it doesn’t have to, she said softly.""";"""Maybe it doesn’t have to, she said softly.""";
;;;"""They then kissed.""";"""They then kissed.""";
;;;"""Emotions: How We Should Understand Them""";"""Emotions: How We Should Understand Them""";
;;;"""Some emotions last so long they stop being
feelings and start becoming things.""";"""Some emotions last so long they stop being
feelings and start becoming things.""";
;;;"""Loneliness is the most stubborn of them.""";"""Loneliness is the most stubborn of them.""";
;;;"""It learns to wait, to listen, to grow.""";"""It learns to wait, to listen, to grow.""";
;;;"""How to Become a Millionaire in 7 Days!""";"""How to Become a Millionaire in 7 Days!""";
;;;"""Tired of being poor?
Just follow these simple steps!""";"""Tired of being poor?
Just follow these simple steps!""";
;;;"""Step 1: Have a Million Dollars.""";"""Step 1: Have a Million Dollars.""";
;;;You decide to stop reading.;You decide to stop reading.;
;;;Jeffrey;Jeffrey;Jeffrey
;;Jeffrey;\etalk[4]Oh, man ...\| I just can't ...\. move ...\. right now ...;\etalk[4]Oh, man ...\| I just can't ...\. move ...\. right now ...;\etalk[4]Dios...\| no puedo...\| moverme...!
;;Jeffrey;\etalk[4]I just need ...\| a break ...;\etalk[4]I just need ...\| a break ...;\etalk[4]Necesito...\| tranquilizarme...
;;Jeffrey;\etalk[4]I ...\| oh god ...;\etalk[4]I ...\| oh god ...;\etalk[4]Ay, Dios...\| No pued...
;;Jeffrey;\etalk[4]My calming tea ...\| I need water ...;\etalk[4]My calming tea ...\| I need water ...;\etalk[4]Mi té relajante...\| ¡Necesito agua...!
;;Jeffrey;\etalk[4]Could you ...\| go to the janitor's closet ...;\etalk[4]Could you ...\| go to the janitor's closet ...;\etalk[4]¿Podrías...\| ir al cuarto de limpieza?
;;;I'll help;I'll help;Okey, voy
;;;I can't right now;I can't right now;No puedo ahora
;;Jeffrey;\etalk[4]Here's the ...\. key ...;\etalk[4]Here's the ...\. key ...;\etalk[4]Aquí está...\. la llave...
;;Jeffrey;\etalk[4]Come back ...\. later ...;\etalk[4]Come back ...\. later ...;\etalk[4]Vuelve...\. después...
;;Jeffrey;\etalk[4]Please ...\| be quick ...;\etalk[4]Please ...\| be quick ...;\etalk[4]No...\. tardes m-mucho...
;;Jeffrey;\etalk[4]Did you get i-it?;\etalk[4]Did you get i-it?;\etalk[4]¿Lo c-conseguiste?
;;Jeffrey;\etalk[4]This is just ...\| an empty cup ...;\etalk[4]This is just ...\| an empty cup ...;\etalk[4]Está...\| vacía...
;;Jeffrey;\etalk[4]C-could you ...\| fill it? Please ...;\etalk[4]C-could you ...\| fill it? Please ...;\etalk[4]¿P-Podrías...\| llenarla, p-por favor?
;;Jeffrey;\etalk[4]Thank you ...;\etalk[4]Thank you ...;\etalk[4]Gracias...
;;Jeffrey;\etalk[4]Oh, that's a lot better already.;\etalk[4]Oh, that's a lot better already.;\etalk[4]Ah. Ya me siento mucho mejor.
;;Jeffrey;"\etalk[4]Normally the janitor brings it to me during
the break, but I think he took a day off.";"\etalk[4]Normally the janitor brings it to me during
the break, but I think he took a day off.";"\etalk[4]Disculpa la molestia. Usualmente es el conserje
quien me trae el agua, pero creo que hoy no vino."
;;Jeffrey;"\etalk[4]I've got these special tea bags that are very
calming, they help with my high stress levels.";"\etalk[4]I've got these special tea bags that are very
calming, they help with my high stress levels.";"\etalk[4]Este té que acabo de tomar es antiestrés, 
y me ayuda mucho a relajarme."
;;Jeffrey;"\etalk[4]I ...\| can get you one if you'd like, for your
troubles.";"\etalk[4]I ...\| can get you one if you'd like, for your
troubles.";"\etalk[4]Te puedo dar algunas bolsitas para que te hagas
tu propio té cuando lo necesites."
;;Jeffrey;\etalk[4]Here you go ...;\etalk[4]Here you go ...;\etalk[4]Toma...
;;Jeffrey;"\etalk[4]Thanks again, I've been having a lot of problems
with high stress lately.";"\etalk[4]Thanks again, I've been having a lot of problems
with high stress lately.";"\etalk[4]Ah. Gracias de nuevo. Últimamente he tenido
serios problemas de estrés."
;;;How did you get those tea bags?;How did you get those tea bags?;¿Dónde conseguiste esas bolsitas de té?
;;;How did you get the key?;How did you get the key?;¿Cómo conseguiste la llave?
;;Jeffrey;"\etalk[4]My doctor recommended this special tea to me
that helps with stress and intense pressure.";"\etalk[4]My doctor recommended this special tea to me
that helps with stress and intense pressure.";"\etalk[4]Mi doctor me recomendó este té. Dijo que ayuda
bastante a reducir el estrés y la tensión."
;;Jeffrey;"\etalk[4]Oh, the janitor gave me an emergency key in case
he wasn't at school.";"\etalk[4]Oh, the janitor gave me an emergency key in case
he wasn't at school.";"\etalk[4]El conserje me dio una copia de su llave
por si no estaba en la escuela."
;;Jeffrey;"\etalk[4]He usually brings me some boiling water when I'm
freaking out.";"\etalk[4]He usually brings me some boiling water when I'm
freaking out.";"\etalk[4]Él suele traerme agua caliente para prepararme
mi té y así calmarme un poco."
;;;Trixie ;Trixie ;
;;Trixie ;"What do I get for trying out new magic spells in
class? I get detention.";"What do I get for trying out new magic spells in
class? I get detention.";
;;Trixie ;This school system is so broken ...;This school system is so broken ...;
;;;Pembleton ;Pembleton ;
;;Pembleton ;\etalk[6]Young man, shouldn't you be outside?;\etalk[6]Young man, shouldn't you be outside?;
;;Pembleton ;"\etalk[6]You should know that sunshine is very good for
your body!";"\etalk[6]You should know that sunshine is very good for
your body!";
;;;The clock lost it's arms.;The clock lost it's arms.;Le hacen falta sus manecillas.
;;;A trash can.;A trash can.;
;;;Mr. Lee;Mr. Lee;
;;Mr. Lee;"\etalk[4]I wouldn't call myself a ""strict"" teacher, but
sometimes there are people who cross the line.";"\etalk[4]I wouldn't call myself a ""strict"" teacher, but
sometimes there are people who cross the line.";
;;Mr. Lee;"\etalk[4]Like these guys, they deserve to be punished
for ruining my class!";"\etalk[4]Like these guys, they deserve to be punished
for ruining my class!";
;;;Sam;Sam;
;;Sam;"Dude, I still have to wait an entire HOUR
before I can go home.";"Dude, I still have to wait an entire HOUR
before I can go home.";
;;;Lil Johnny;Lil Johnny;
;;Lil Johnny;\etalk[14]It's really not fair! I didn't even do anything!;\etalk[14]It's really not fair! I didn't even do anything!;
;;Lil Johnny;\etalk[14]Rob was talking to me, I didn't say anything!;\etalk[14]Rob was talking to me, I didn't say anything!;
;;;Kyle;Kyle;
;;Kyle;"I'm not really supposed to be here right now, but
I don't really like being outside.";"I'm not really supposed to be here right now, but
I don't really like being outside.";
;;Kyle;"Like, people think I like being a popular kid, but
I'd rather spend my free time alone.";"Like, people think I like being a popular kid, but
I'd rather spend my free time alone.";
;;;hihihi;hihihi;
;;Shopper;"hiiiiiiiiiiiiiiiiiiiiiiiiiiiiiiiiiiiiiiiiiiiiiiiiiiiiiiiiii
iiiiiiiiiiiiiiiiiiiiiiiiiiiiiiiiiiiiiiiiiiiiiiiiiiiii";"hiiiiiiiiiiiiiiiiiiiiiiiiiiiiiiiiiiiiiiiiiiiiiiiiiiiiiiiiii
iiiiiiiiiiiiiiiiiiiiiiiiiiiiiiiiiiiiiiiiiiiiiiiiiiiii";
;;;"You're now going to the main game.
To return, talk to the boy again.";"You're now going to the main game.
To return, talk to the boy again.";
;;;tbh;tbh;tbh
;;tbh;Yippee! Yippee! Yippee! ;Yippee! Yippee! Yippee! ;¡Yuuupiiii!
;;;This is tbh's special room.;This is tbh's special room.;Esta es la habitación secreta de tbh.
;;;Good job on finding tbh's special room.;Good job on finding tbh's special room.;¡Qué bueno que la encontraste!
;;;It's a signed basketball.;It's a signed basketball.;Es una pelota de baloncesto firmada.
;;;Mr. ???;Mr. ???;Sr. ¿?
;;Mr. ???;"Alright children, are you all ready to listen
to this?";"Alright children, are you all ready to listen
to this?";Okey, ¿están todos listos para el show?
;;;Everyone;Everyone;Todos
;;Everyone;...\| Yeah.;...\| Yeah.;...\| Sí
;;Mr. ???;"Let's give it a spin!\.
This is one of my favorites!";"Let's give it a spin!\.
This is one of my favorites!";"Bien, vamos a comenzar entonces.\.
¡Esta es una de mis favoritas!"
;;;I still remember this song.;I still remember this song.;Aún recuerdo esa canción.
;;;I closed my eyes, trying to take everything in.;I closed my eyes, trying to take everything in.;"Cierro los ojos para concentrarme mejor
en la música."
;;;"My teacher once played it for us at the end
of our music class.";"My teacher once played it for us at the end
of our music class.";"Mi profesor alguna vez la tocó al final de
una de sus clases."
;;;It felt so special to me at the time.;It felt so special to me at the time.;Y, sinceramente, me pareció bastante especial.
;;;"It's a cheap keyboard.
I only know how to play one song on it.";"It's a cheap keyboard.
I only know how to play one song on it.";""
;;;???;???;¿?
;;???;"I think my dad owns the record Mr. ??? is 
about to put on.";"I think my dad owns the record Mr. ??? is 
about to put on.";
;;;It's a flashy electric guitar.;It's a flashy electric guitar.;
;;;It's a yellow bass.;It's a yellow bass.;
;;;A small kit.;A small kit.;
;;???;I can't wait for this day to just end...;I can't wait for this day to just end ...;
;;???;Do you know what subject we have next?;Do you know what subject we have next?;
;;???;"Why do we always have to learn about these
old albums?";"Why do we always have to learn about these
old albums?";
;;???;They're so long and boring!;They're so long and boring!;
;;???;"I think we have math for the next hour...\|
Wait, no! We have English!";"I think we have math for the next hour...\|
Wait, no! We have English!";
;;;You found an MP3 file.;You found an MP3 file.;Encontraste un archivo MP3.
;;;You can play this file on your MP3 player.;You can play this file on your MP3 player.;Puedes escucharlo en tu reproductor MP3.
;;;You don't see a way of playing the file right now ... ;You don't see a way of playing the file right now ... ;Pero no tienes en que escucharlo...
;;;"Later, when I started taking different drugs,
this experience only felt greater.";"Later, when I started taking different drugs,
this experience only felt greater.";
;;;"Listening to music would be my only safe
place.";"Listening to music would be my only safe
place.";La música era mi único escape.
;;???;Come out!;Come out!;
;;???;"He's such a baby! He can't even stand up
for himself!";"He's such a baby! He can't even stand up
for himself!";
;;;"There was one day where I got chased by some
kids.";"There was one day where I got chased by some
kids.";"Recuerdo que un día, unos chicos estaban
persiguiéndome."
;;;"I don't remember why they were chasing me, but
it was one of the scariest moments in my life.";"I don't remember why they were chasing me, but
it was one of the scariest moments in my life.";"No sé exactamente por qué, pero nunca olvidaré
cuánto miedo sentí en aquel momento."
;;;I hid in the stalls, but they quickly found me.;I hid in the stalls, but they quickly found me.;"Me encerré en el baño, pero de todas formas
lograron encontrarme."
;;;"They wouldn't leave me alone, no matter how long
I stayed.";"They wouldn't leave me alone, no matter how long
I stayed.";"Debo haber estado encerrado ahí por horas."
;;;I must have been there for hours.;I must have been there for hours.;"Esperando que en algún momento se cansaran
y se fueran."
;;;"I'd silently stood there crying, so they wouldn't
hear it.";"I'd silently stood there crying, so they wouldn't
hear it.";"Recuerdo estar apoyado contra la puerta,
sollozando en silencio, impotente."
;;;No one should have to endure that;No one should have to endure that;Nadie debería pasar por eso
;;;I could never forget this;I could never forget this;No puedo olvidarlo
;;;...\. Staying trapped in that moment won't help.;...\. Staying trapped in that moment won't help.;"...\. Si sigues anclado al pasado, solo te vas
a lastimar."
;;;"I can't change what they did to me, or that other
people will try to hurt me again...";"I can't change what they did to me, or that other
people will try to hurt me again ...";"No puedo cambiar lo que ellos me hicieron, o
evitar que otros me lastimen peor..."
;;;...\| But I can stop giving them the power to do so.;...\| But I can stop giving them the power to do so.;"...\| Pero puedo dejar de actuar como
un cobarde..."
;;;I want to move on.;I want to move on.;Quiero superar este recuerdo.
;;;...\. I can still feel every second of it.;...\. I can still feel every second of it.;
;;;"The sound of their laughter...\!
The cold air of the restroom...";"The sound of their laughter ...\!
The cold air of the restroom ...";
;;;"...\| No matter how long I'll hide,\. they'll be
waiting here to get me.";"...\| No matter how long I'll hide,\. they'll be
waiting here to get me.";
;;;This is who I am.;This is who I am.;
;;???;Why don't you ever grow up?! Stupidhead!;Why don't you ever grow up?! Stupidhead!;
;;???;"That's what you get for throwing that ball
at my face! Hmph!";"That's what you get for throwing that ball
at my face! Hmph!";
;;???;Ohhhh, you showed him, dude!;Ohhhh, you showed him, dude!;
;;Mr. ???;"It's almost time to wrap up!\.
Come on, give it your best!";"It's almost time to wrap up!\.
Come on, give it your best!";
;;???;My legs hurt...;My legs hurt ...;
;;???;Ugh, I am soooooo bored...;Ugh, I am soooooo bored ...;
;;;I accidentally threw a ball right into a kid's face.;I accidentally threw a ball right into a kid's face.;"Lancé por accidente una pelota directamente
a la cara de un chico."
;;;"I wasn't paying much attention, since I was
already so tired.";"I wasn't paying much attention, since I was
already so tired.";"Le dije que estaba cansado y por eso andaba
algo distraído en aquel momento."
;;;"But he couldn't understand that it was an
accident, and started punching me.";"But he couldn't understand that it was an
accident, and started punching me.";"Pero él no quiso entender y comenzó a
golpearme con fuerza..."
;;;He ended up breaking my arm.;He ended up breaking my arm.;Hasta romperme el brazo.
;;;"The teacher couldn't care less, he wasn't very
good at his job regardless.";"The teacher couldn't care less, he wasn't very
good at his job regardless.";"Sin embargo, al profesor no le importó en lo más
mínimo — no era muy bueno que digamos."
;;;I didn't deserve to be hurt like that;I didn't deserve to be hurt like that;No merecía ser tratado así
;;;No one cared about me then;No one cared about me then;No le importaba a nadie
;;;...\. It wasn't fair.;...\. It wasn't fair.;...\. No era justo.
;;;"I did hurt him, but he didn't need to target
his anger towards me.";"I did hurt him, but he didn't need to target
his anger towards me.";"Es cierto que estaba furioso por el pelotazo, pero
¿era necesario llegar a tanto?"
;;;...\| Is this where my fear came from?;...\| Is this where my fear came from?;...\| ¿Es aquí donde nacen mis miedos?
;;;"I've been scared to do anything active,\. but I had
no idea that this is where it came from...";"I've been scared to do anything active,\. but I had
no idea that this is where it came from ...";"¿Era esa la razón por la que tenía miedo de
relacionarme con los demás...?"
;;;I didn't want to make another mistake like this...;I didn't want to make another mistake like this ...;No quería volver a repetir el mismo error...
;;;"...\. I remember the look on his face,\. the way
he glared at me after I hit him.";"...\. I remember the look on his face,\. the way
he glared at me after I hit him.";"Recuerdo claramente la expresión en su rostro:
esa mirada aterradora, esos ojos llenos de furia..."
;;;That face is all it takes for me to start panicking.;That face is all it takes for me to start panicking.;"No pude evitar entrar en pánico en ese
momento."
;;;"This is the reason why I shouldn't be trusted.\!
I keep hurting people.";"This is the reason why I shouldn't be trusted.\!
I keep hurting people.";"Nadie tiene por qué confiar en mí.\!
Solo los lastimo vez tras vez."
;;;"After school, my mom brought me to the
hospital.";"After school, my mom brought me to the
hospital.";Ese día, mi mamá me llevó al hospital.
;;;"We couldn't afford treating it right away, so
we didn't do much to fix it.";"We couldn't afford treating it right away, so
we didn't do much to fix it.";"No fue posible atender bien esa fractura, por
lo menos en ese momento..."
;;;Leaving it in a fragile state.;Leaving it in a fragile state.;"De modo que la dejamos así, en ese estado
frágil."
;;???;"I don't get why these gym classes always
take so long...";"I don't get why these gym classes always
take so long ...";
;;???;I have no idea, just kinda standing here.;I have no idea, just kinda standing here.;
;;???;... What are we even doing here?;... What are we even doing here?;
;;;It's an old basketball.;It's an old basketball.;
;;Mr. ???;For the last time! What is the answer?!;For the last time! What is the answer?!;
;;Mr. ???;I am actually teaching to literal morons!;I am actually teaching to literal morons!;
;;Mr. ???;"I just said the answer like five minutes ago,
and you can't even remember that?!";"I just said the answer like five minutes ago,
and you can't even remember that?!";
;;Mr. ???;You're a joke, a complete and utter joke!;You're a joke, a complete and utter joke!;
;;;I had almost passed out that day.;I had almost passed out that day.;Casi me desmayo aquel día.
;;;The intense pressure was getting to me.;The intense pressure was getting to me.;La presión que sentía era casi insoportable.
;;;"And while it looked like I just wasn't listening
to my teacher, I was actually trying my best.";"And while it looked like I just wasn't listening
to my teacher, I was actually trying my best.";"Parecía que estaba distraído, pero en realidad,
hacía todo lo posible por concentrarme en la clase."
;;;I can't be defined by a mistake;I can't be defined by a mistake;Un error no puede definirme
;;;I won't be good enough for anyone;I won't be good enough for anyone;Nunca me aceptarán
;;;...\. This moment has stayed with me for so long.;...\. This moment has stayed with me for so long.;"...\. Este momento ha estado gravado en mi
memoria por mucho tiempo."
;;;"The way the teacher looked at me like I was 
nothing.";"The way the teacher looked at me like I was 
nothing.";"La forma como mi profesor me miraba...\.
era como si me despreciara."
;;;"For years,\. I have lived what he had spoken,
I believed in what he said.";"For years,\. I have lived what he had spoken,
I believed in what he said.";"Por años, confié en él...\. Trate de ser
como me dijo que fuera."
;;;"...\| But I'm not that person. \!
I am not\. a joke.";"...\| But I'm not that person. \!
I am not\. a joke.";"...\| Pero ese no era yo. No lo soy.\!
Basta de ser humillado."
;;;"...\. The room got so quiet when the teacher
called us morons.";"...\. The room got so quiet when the teacher
called us morons.";"...\. Todo el salón se quedó en silencio luego
que el profesor nos llamara idiotas."
;;;"I couldn't stand up for myself then,\. and I haven't 
for my whole life.";"I couldn't stand up for myself then,\. and I haven't 
for my whole life.";"No fui capaz de defenderme ese día,\. y no lo he sido
en toda mi vida."
;;;...\| I am just a joke.;...\| I am just a joke.;...\| Solo soy un mal chiste para los demás.
;;;"No one can take me seriously,\. no matter how
hard I try.";"No one can take me seriously,\. no matter how
hard I try.";"Nadie me toma en serio,\. sin importar
cuanto me esfuerze."
;;;The screen shows a bunch of awful stuff.;The screen shows a bunch of awful stuff.;La pantalla muestra un montón de cosas horribles.
;;;He won't acknowledge you.;He won't acknowledge you.;Él no te presta atención.
;;;Garbage.;Garbage.;Basura.
;;;I shouldn't leave now.;I shouldn't leave now.;No debería irme.
;;;I promised them I would return.;I promised them I would return.;Les prometí que regresaría algún día.
;;;Are you ready to eat dinner?;Are you ready to eat dinner?;¿Estás listo para cenar?
;;;Dad;Dad;Papá
;;Dad;It's good to have you back.;It's good to have you back.;Qué bueno tenerte de vuelta.
;;Dad;"...\| I've been thinking about this moment for a
long time.";"...\| I've been thinking about this moment for a
long time.";"...\| He estado pensando por mucho tiempo en como
sería este momento."
;;Dad;"Even if I wasn't present, I was still listening
to what was happening in the background.";"Even if I wasn't present, I was still listening
to what was happening in the background.";"Puede que no lo notaras, pero yo siempre estaba
escuchando lo que pasaba a mi alrededor."
;;Dad;I remember hearing the door close after you left.;I remember hearing the door close after you left.;"Recuerdo el sonido de la puerta cerrandose
atrás de ti el día que nos dejaste."
;;Dad;I felt an unexpected emptiness in my body.;I felt an unexpected emptiness in my body.;Sentí un enorme vacío en aquel momento.
;;Dad;"Anyways,\. I was thinking about what I'd say to you
if you would come back.";"Anyways,\. I was thinking about what I'd say to you
if you would come back.";"¿Sabes?,\. estube pensando por mucho tiempo en lo que
diría el día que volvieras."
;;Dad;The truth is, I haven't decided yet.;The truth is, I haven't decided yet.;Pero aún no logro ordenar mis ideas.
;;Dad;"It has always been in the back of my mind, but 
I couldn't figure out how to say ...";"It has always been in the back of my mind, but 
I couldn't figure out how to say ...";"No he podido encontrar la mejor forma de
decirlo."
;;Dad;...\| how to say that I'm sorry.;...\| how to say that I'm sorry.;...\| de decir cuanto lo siento.
;;Dad;To both of you.;To both of you.;A ustedes dos.
;;Dad;...\. I gave you both an unfair life.;...\. I gave you both an unfair life.;...\. No les di la vida que merecían.
;;Dad;I messed up mine.;I messed up mine.;E hice todo un desastre de la mía.
;;Dad;Lately I've been thinking about what I've caused.;Lately I've been thinking about what I've caused.;"He estado pensando en todo lo que les hice
pasar."
;;Dad;"I don’t think I’m in the state to be talking about this
right now,\. but this might be my last chance.";"I don’t think I’m in the state to be talking about this
right now,\. but this might be my last chance.";"Tal vez no sea el mejor momento para hablar de ello,\.
pero no sé si encontraré uno mejor después."
;;Dad;"I probably gave you so many problems, and I didn't
face myself for it.";"I probably gave you so many problems, and I didn't
face myself for it.";"Les he dado tantos problemas por tanto tiempo...\. y
me avergüenzo por ello."
;;Dad;I'm ashamed to call myself a father.;I'm ashamed to call myself a father.;"Ni siquiera debería ser llamado
padre y esposo."
;;;I'm sorry.;I'm sorry.;Lo siento.
;;;Cans of beer.;Cans of beer.;Latas de cerveza.
;;;Shards of glass.;Shards of glass.;Trozos de vidrio.
;;;She's washing the dishes.;She's washing the dishes.;Ella está lavando los platos.
;;;A plate.;A plate.;Un plato.
;;;It's an empty kettle.;It's an empty kettle.;Es una tetera vacía.
;;;It's a pan.;It's a pan.;Es una sartén.
;;;Mom;Mom;Mamá
;;Mom;...\. You came to visit.;...\. You came to visit.;...\. Volviste...
;;Mom;Just like you promised you would.;Just like you promised you would.;Justo como lo prometiste.
;;Mom;"I hope you've been able to take care of yourself
after all these years.";"I hope you've been able to take care of yourself
after all these years.";"Espero que hayas aprendido a cuidar de ti mismo
durante todo este tiempo."
;;Mom;"I think you would know how much I would worry
about that.";"I think you would know how much I would worry
about that.";"¿Sabes? Esa siempre es una de las preocupaciones
que tengo caundo estás lejos."
;;Mom;"...\. It's something I think about every day,\. as much
as I tried to hide it from you and your dad.";"...\. It's something I think about every day,\. as much
as I tried to hide it from you and your dad.";"...\. No hay un día que pase sin que piense en eso,\.
aunque a veces trate de ocultarlo."
;;Mom;I knew you wanted to move out for a long time.;I knew you wanted to move out for a long time.;Sabía que llevabas tiempo queriendo mudarte.
;;Mom;I don't think I was ready to accept that.;I don't think I was ready to accept that.;Pero no estaba lista para dejarte ir.
;;Mom;Have you thought about that?;Have you thought about that?;¿Alguna vez pensaste...?
;;Mom;Have you ever thought about how I feel?;Have you ever thought about how I feel?;¿En como me eso me haría sentir?
;;Mom;When you walked out that door ...;When you walked out that door ...;Al verte salir por aquella puerta...
;;Mom;"I know it was partially my fault ...\!
I should have been vocal ...";"I know it was partially my fault ...\!
I should have been vocal ...";"Yo sé... sé que parte de la culpa fue mía...\!
Debí haber hablado más..."
;;Mom;But ...;But ...;Pero...
;;Mom;I know it wasn't true ...;I know it wasn't true ...;Esa no fue la única razon...
;;Mom;But you didn't leave\. because of me,\. right?;But you didn't leave\. because of me,\. right?;"Ningún hijo abandonaría a su madre\.
que lo ama tanto,\. ¿verdad?"
;;Mom;"Of course not! No son would ever do that to their
mother ...";"Of course not! No son would ever do that to their
mother ...";¡Claro que no!
;;Mom;I know you didn't feel safe at home ...;I know you didn't feel safe at home ...;"La razón por la que te fuiste fue por que
no te sentías seguro en casa."
;;Mom;...\| But why did you have to leave?;...\| But why did you have to leave?;...\| Pero ¿por qué tubiste que abandonarme?
;;Mom;... I've been so alone.;... I've been so alone.;... Me he sentido tan sola.
;;Mom;\{WHY DID YOU LEAVE ME HERE?;\{WHY DID YOU LEAVE ME HERE?;\{¿POR QUÉ ME ABANDONASTE?
;;Mom;\{I HEARD FEAR ...\! SILENCE ...;\{I HEARD FEAR ...\! SILENCE ...;\{¿NO TE IMPORTO?
;;Mom;\{...\. WHY DID YOU NEVER VISIT?;\{...\. WHY DID YOU NEVER VISIT?;\{¿POR QUÉ NO VOLVISTE ANTES?
;;Mom;\}It's just that ...;\}It's just that ...;\}Es que... tú lo prometiste...
;;Mom;\}...\. you promised.;\}...\. you promised.;\}...\. ¿no es así?
;;Mom;\}I couldn't stop worrying.;\}I couldn't stop worrying.;\}No podía dejar de preocuparme.
;;Mom;\}I'm glad you're here now ...;\}I'm glad you're here now ...;\}Me da gusto que estés de vuelta...
;;Mom;\}Go away.;\}Go away.;\}Vete.
;;;Where did they go?;Where did they go?;
;;;It's empty.;It's empty.;
;;;I hope the clock finds them soon.;I hope the clock finds them soon.;
;;;It's a blanket, and some binders.;It's a blanket, and some binders.;
;;;Poor clock ...;Poor clock ...;Pobrecito...
;;;"""You need to try harder.""";"""You need to try harder.""";"""Debes esforzarte más."""
;;;"""You're not dumb, you just don't care enough.""";"""You're not dumb, you just don't care enough.""";"""No es que seas un tonto, sino que no le
das la debida importancia."""
;;;"""You can do better than this.""";"""You can do better than this.""";"""Sé que puedes hacerlo mucho mejor."""
;;;I really couldn't.;I really couldn't.;Yo realmente no podía.
;;;"It felt like I wasn't made for this.\!
I could never keep up.";"It felt like I wasn't made for this.\!
I could never keep up.";"Sentía que no estaba hecho para eso...\!
que no era lo mio."
;;;It was so frustrating.;It was so frustrating.;Era muy frustrante
;;;You look down in the hole.;You look down in the hole.;Miras a través del hoyo.
;;;Robert;Robert;Robert
;;Robert;Meeeeow man!;Meeeeow man!;
;;Robert;How ya doin'?;How ya doin'?;
;;;Shopper;Shopper;
;;Shopper;"I just came back from visiting Dog City, because
Cat City doesn't have any clothing shops!";"I just came back from visiting Dog City, because
Cat City doesn't have any clothing shops!";
;;Shopper;I should totally live there instead...;I should totally live there instead ...;
;;;Loaf Cat;Loaf Cat;Michipan
;;Loaf Cat;\etalk[7]How would you rate this loaf?;\etalk[7]How would you rate this loaf?;\etalk[7]¿Qué calificación le das a este gato?
;;;1-3;1-3;1-3
;;;4-6;4-6;4-6
;;;7-9;7-9;7-9
;;;10;10;10
;;Loaf Cat;\etalk[7]That's just rude!;\etalk[7]That's just rude!;\etalk[7]¡Eso no fue miuy amable!
;;Loaf Cat;\etalk[7]That's pretty low...;\etalk[7]That's pretty low ...;\etalk[7]¿Por qué tan poquito? Creo que merecía mias.
;;Loaf Cat;\etalk[7]I knew it! I tried my best!;\etalk[7]I knew it! I tried my best!;\etalk[7]¡Lo sabía! ¡Muchas gracias, miaumigo!
;;Loaf Cat;\etalk[7]A perfect score? Holy cow!;\etalk[7]A perfect score? Holy cow!;\etalk[7]¿Puntaje prrrfecto? ¡Miaugnífico!
;;;Pet the loaf?;Pet the loaf?;¿Acariciar?
;;;You pet the loaf.;You pet the loaf.;Acaricias al gato.
;;;Mr. Penguin;Mr. Penguin;
;;Mr. Penguin;\etalk[8]I've waddled a long way, just to get to Cat City.;\etalk[8]I've waddled a long way, just to get to Cat City.;
;;Mr. Penguin;\etalk[8]I hope it is worth my time!;\etalk[8]I hope it is worth my time!;
;;;Tiny Person;Tiny Person;
;;Tiny Person;Hey! Be careful!;Hey! Be careful!;
;;Tiny Person;I'm already sitting here!;I'm already sitting here!;
;;;Fox;Fox;
;;Fox;"It's a shame no one ever goes to this cafe, they've
got everything you could ever ask for!";"It's a shame no one ever goes to this cafe, they've
got everything you could ever ask for!";
;;Fox;The best tea, kind staff, clean tables...;The best tea, kind staff, clean tables ...;
;;;Bailey;Bailey;Dobby
;;Bailey;\etalk[12]I'm visiting the city for the first time!;\etalk[12]I'm visiting the city for the first time!;
;;Bailey;"\etalk[12]I've always lived on the farm my parents owned,
but it's nice to have a change of scenery!";"\etalk[12]I've always lived on the farm my parents owned,
but it's nice to have a change of scenery!";
;;;Willow;Willow;Copito
;;Willow;\etalk[13]Meeeeeeow!;\etalk[13]Meeeeeeow!;\etalk[13]¡Miaauuu!
;;Haven;Hi! I see you're also visiting the city?;Hi! I see you're also visiting the city?;
;;Haven;"I just went to the cat cafe, but the pastries
were out of stock!";"I just went to the cat cafe, but the pastries
were out of stock!";
;;Haven;"Can you believe that?\!
My day is ruined!";"Can you believe that?\!
My day is ruined!";
;;Haven;The only thing that could \c[1]save\c[0] my day, is you!;The only thing that could \c[1]save\c[0] my day, is you!;
;;Haven;Do you wanna \c[1]save\c[0]?;Do you wanna \c[1]save\c[0]?;¿Quieres \c[1]guardar\c[0]?
;;;You'd pick up the lid, but you don't have any arms.;You'd pick up the lid, but you don't have any arms.;
;;;Should I have some tea?;Should I have some tea?;
;;;"""Staff only""";"""Staff only""";
;;;Enter the kitchen?;Enter the kitchen?;
;;;I should probably get rid of this ladder ...;I should probably get rid of this ladder ...;
;;;Throw away;Throw away;
;;;Keep ladder;Keep ladder;
;;;Waiter;Waiter;
;;Waiter;\etalk[8]Welcome to our cafe, sir.;\etalk[8]Welcome to our cafe, sir.;\etalk[8]Sea bienvenido a nuestro Catfetín.
;;;"It seems someone is sitting here.\!
There are a couple of cards with jokers on them.";"It seems someone is sitting here.\!
There are a couple of cards with jokers on them.";"Parece que alguien está sentado aquí.\!
Hay algunas cartas de poker y unos comodines encima."
;;Waiter;\etalk[10]Welcome to our cafe, sir.;\etalk[10]Welcome to our cafe, sir.;\etalk[10]Sea bienvenido a nuestro Catfetín.
;;;Cat;Cat;Gatoempleado
;;Cat;\etalk[11]Hello, and welcome to our Cat Cafe!;\etalk[11]Hello, and welcome to our Cat Cafe!;\etalk[11]¡Miau! ¡Bienvenido a nuestro Catfetín!
;;Cat;"\etalk[11]I'll have to disappoint you, but we can't
actually serve you anything except for tea today.";"\etalk[11]I'll have to disappoint you, but we can't
actually serve you anything except for tea today.";"Siento miaucho decepcionarlo, pero hoy solo estamos
sirviendo té en el Catfetín."
;;Cat;"\etalk[11]Unfortunately, the chef is feeling under
the weather...";"\etalk[11]Unfortunately, the chef is feeling under
the weather ...";"\etalk[11]Desafortumiadamente, nuestro barista ha tenido
un accidente que le costó algunas vidas..."
;;Cat;"\etalk[11]... and we're on the lookout for someone to help
prepare our dishes for the day.";"\etalk[11]... and we're on the lookout for someone to help
prepare our dishes for the day.";\etalk[11]Y estamos miauscando un reemplazo.
;;;I could try;I could try;Yo podría ayudar
;;;Good luck;Good luck;Suerte con eso
;;;I want tea;I want tea;Quiero una taza de té
;;Cat;"\etalk[11]That'd be fantastic! I'm sure you know
what you're doing!";"\etalk[11]That'd be fantastic! I'm sure you know
what you're doing!";"\etalk[11]¡Miaravilloso!"
;;Cat;"\etalk[11]Just enter the door in the back, and you'll
find yourself in the kitchen!";"\etalk[11]Just enter the door in the back, and you'll
find yourself in the kitchen!";"\etalk[11]La cocina se encuentra a mi derecha, al fondo.
Y recuerda: Nada de siestas, miau."
;;Cat;\etalk[11]Thank you, human!;\etalk[11]Thank you, human!;\etalk[11]¡Miauchas gracias!
;;Cat;\etalk[11]Most certainly!;\etalk[11]Most certainly!;\etalk[11]¡Prrrfecto!
;;Cat;"\etalk[11]Take a seat at one of our tables, a waiter will
be with you shortly!";"\etalk[11]Take a seat at one of our tables, a waiter will
be with you shortly!";"\etalk[11]Tome asiento y un mesero lo atenderá antes de
que escuche el ronroneo de un gato."
;;Cat;\etalk[11]Hello, can I help you?;\etalk[11]Hello, can I help you?;\etalk[11]Miau, ¿puedo ayudarle?
;;;Can I help?;Can I help?;¿Puedo ayudar?
;;Cat;\etalk[11]Have a good day!;\etalk[11]Have a good day!;\etalk[11]Miau, ¡que tenga un buen día!
;;Waiter;\etalk[15]Welcome to our cafe, sir.;\etalk[15]Welcome to our cafe, sir.;\etalk[15]Bienvenido a nuestro Catfetín.
;;;The cat hisses and scratches at you.;The cat hisses and scratches at you.;El gato te sisea y te araña.
;;;Cat?;Cat?;
;;Cat?;\etalk[22]Hello, fellow cat friend!;\etalk[22]Hello, fellow cat friend!;
;;Cat?;\etalk[22]What a wonderful day to be a cat!;\etalk[22]What a wonderful day to be a cat!;
;;;Tom;Tom;
;;Tom;"Do you think they have schools here?
I’d love to learn alongside the cats!";"Do you think they have schools here?
I’d love to learn alongside the cats!";
;;;Construction Worker;Construction Worker;
;;Construction Worker;"It'll take a bit of time and hard work, but it's
gonna be worth it.";"It'll take a bit of time and hard work, but it's
gonna be worth it.";
;;Worm;wamba;wamba;
;;;Apple;Apple;
;;Apple;"I was supposed to go to the club with my two
friends, but I've lost me way!";"I was supposed to go to the club with my two
friends, but I've lost me way!";
;;;It's a water fountain.;It's a water fountain.;
;;;Guppy;Guppy;
;;Guppy;My owner gave me so many cool items...;My owner gave me so many cool items ...;
;;Guppy;"The thing is, I don't know what I'm supposed
to do with a sacred heart, or a battery...";"The thing is, I don't know what I'm supposed
to do with a sacred heart, or a battery...";
;;;It's a ladder.;It's a ladder.;Es una escalera.
;;;Boy 1;Boy 1;Chico 1
;;Boy 1;"You know, this might just be my favorite spot
in this whole city.";"You know, this might just be my favorite spot
in this whole city.";
;;;Boy 2;Boy 2;
;;Boy 2;Is it because of the flowers?;Is it because of the flowers?;
;;Boy 1;"That too, but also because I hang out with you
here all the time!";"That too, but also because I hang out with you
here all the time!";
;;;"The cat watches you, as if it's waiting for
something to happen.";"The cat watches you, as if it's waiting for
something to happen.";"El gato te observa, como si esperara que
ocurriera algo."
;;;Aero;Aero;Aero
;;Aero;\etalk[13]Heya! Wanna play hide and seek?;\etalk[13]Heya! Wanna play hide and seek?;\etalk[13]¡Hoolaa! ¿Quieres jugar a las escondidas?
;;Aero;\etalk[13]Yes! I have the perfect hiding spot!;\etalk[13]Yes! I have the perfect hiding spot!;"\etalk[13]¡Genial! Voy a ir a esconderme rapidito.
¡No mires!"
;;Aero;\etalk[13]Aww...;\etalk[13]Aww...;\etalk[13]Bahh...
;;;Mr. Aero;Mr. Aero;Sr. Aero
;;Mr. Aero;\etalk[13]Ho ho! I've lost my great son!;\etalk[13]Ho ho! I've lost my great son!;\etalk[13]¡Jo jo! ¡He perdido a mi hijo!
;;Mr. Aero;"\etalk[13]He must have disappeared from existence!\.
There's no way you'll ever find him now!";"\etalk[13]He must have disappeared from existence!\.
There's no way you'll ever find him now!";"\etalk[13]¡Debe haberse desvanecido de este mundo!\.
¡No hay forma de que lo vuelvas a encuentrar!"
;;;Oliver;Oliver;Oliver
;;Oliver;"\etalk[14]This one here? I'm just so lucky to live with
this beautiful lady ...";"\etalk[14]This one here? I'm just so lucky to live with
this beautiful lady ...";
;;;Molly;Molly;Molly
;;Molly;"\etalk[15]I love my amazing husband, he's never left
my side!";"\etalk[15]I love my amazing husband, he's never left
my side!";"\etalk[15]Adoro a mi esposo. Él siempre está a
mi lado."
;;;Electracat;Electracat;Electracat
;;Electracat;Grrrrr ...;Grrrrr ...;Fsssss...
;;;It seems aggressive ...;It seems aggressive ...;No parece muy amigable...
;;;One day, surely!;One day, surely!;
;;;The baby swan seems to be sleeping.;The baby swan seems to be sleeping.;
;;;Toast;Toast;
;;Toast;\etalk[23]You are so cool...;\etalk[23]You are so cool ...;
;;;"I was confused on why I wasn't allowed to let
Selene outside.";"I was confused on why I wasn't allowed to let
Selene outside.";"No sabía muy bien por qué no me dejaban sacar
a Selene afuera."
;;;"Part of me thinks mom was scared she'd get stuck
again, but I don't know if she cared so much.";"Part of me thinks mom was scared she'd get stuck
again, but I don't know if she cared so much.";"Tal vez mamá no quería que se quedara atorada de
nuevo, o tal vez no y había otra razón."
;;;"Selene would sit by the window, looking at the
birds.";"Selene would sit by the window, looking at the
birds.";"Selene se recostaba cerca de la ventana a
observar a los pájaros."
;;;Sometimes the birds would look back at her.;Sometimes the birds would look back at her.;"A veces los pájaros lograban verla a través
de la ventana."
;;;I wondered if she felt trapped in this house.;I wondered if she felt trapped in this house.;"¿Se habrá sentido aislada o atrapada en
esta casa en esos momentos?"
;;;"The door is locked.\.
It reads ""STAFF ONLY"".";"The door is locked.\.
It reads ""STAFF ONLY"".";
;;;Finn;Finn;
;;Finn;\etalk[4]Hey.;\etalk[4]Hey.;
;;Finn;"\etalk[4]This music is pretty chill, but definitely not
as chill as me.";"\etalk[4]This music is pretty chill, but definitely not
as chill as me.";
;;;Recliner;Recliner;
;;Recliner;I've lost me best friend, basketball!;I've lost me best friend, basketball!;
;;;Basketball;Basketball;
;;Basketball;Where could he be?;Where could he be?;
;;Basketball;I've lost me best friend, recliner!;I've lost me best friend, recliner!;
;;;Goober;Goober;
;;Goober;I can't do this anymore...;I can't do this anymore ...;
;;;Lauwili;Lauwili;
;;Lauwili;"Although it takes hours for me to go to the city,
they've got the best underground clubs.";"Although it takes hours for me to go to the city,
they've got the best underground clubs.";
;;Felix;"Oh! I think I've seen you at school a couple of
days ago!";"Oh! I think I've seen you at school a couple of
days ago!";
;;Felix;What brings you here?;What brings you here?;
;;Handy;Wassup.;Wassup.;
;;;So cool...;So cool ...;
;;;Alien;Alien;
;;Alien;\etalk[15]This is such a vibe.;\etalk[15]This is such a vibe.;
;;;"It's an arcade machine.
Would you like to play?";"It's an arcade machine.
Would you like to play?";"Es una máquina arcade.
¿Quieres jugar?"
;;;"It's a poster.\!
""STRAY KATS: LIVE!""";"It's a poster.\!
""STRAY KATS: LIVE!""";
;;;Solstice;Solstice;
;;Solstice;\etalk[10]I found this huge glowing ball!;\etalk[10]I found this huge glowing ball!;
;;Solstice;\etalk[10]It kinda looks like the sun!;\etalk[10]It kinda looks like the sun!;
;;;Madcap;Madcap;
;;Madcap;\etalk[11]Praise the gods!;\etalk[11]Praise the gods!;
;;Loaf Cat;\etalk[12]How would you rate this loaf?;\etalk[12]How would you rate this loaf?;\etalk[12]¿Qué calificación le das a este gato?
;;Loaf Cat;\etalk[12]That's just rude!;\etalk[12]That's just rude!;\etalk[12]¡Eso no fue miuy amable!
;;Loaf Cat;\etalk[12]That's pretty low...;\etalk[12]That's pretty low ...;\etalk[12]¿Por qué tan poquito? Creo que merecía mias.
;;Loaf Cat;\etalk[12]I knew it! I tried my best!;\etalk[12]I knew it! I tried my best!;\etalk[12]¡Lo sabía! ¡Muchas gracias, miaumigo!
;;Loaf Cat;\etalk[12]A perfect score? Holy cow!;\etalk[12]A perfect score? Holy cow!;\etalk[12]¿Puntaje prrrfecto? ¡Miaugnífico!
;;;Paw1;Paw1;
;;Paw1;\etalk[13]Meow Meow Meow, Meow Meow.;\etalk[13]Meow Meow Meow, Meow Meow.;
;;;You probably shouldn't touch that ...;You probably shouldn't touch that ...;
;;;Place the ladder here?;Place the ladder here?;¿Colocar la escalera aquí?
;;John;Are you ready for your second challenge?;Are you ready for your second challenge?;
;;;How did you get up here;How did you get up here;
;;John;John doesn't have time for questions.;John doesn't have time for questions.;
;;John;"For your second challenge, you must get me
sawdust bread.";"For your second challenge, you must get me
sawdust bread.";
;;John;Come back when you think you're ready.;Come back when you think you're ready.;
;;John;It appears you have found sawdust bread.;It appears you have found sawdust bread.;
;;John;John approves.;John approves.;
;;John;I will see you tomorrow for your next challenge.;I will see you tomorrow for your next challenge.;
;;;Joscat;Joscat;
;;Joscat;"\etalk[8]You better not mess up my fur,
it takes work to look this fabulous!";"\etalk[8]You better not mess up my fur,
it takes work to look this fabulous!";
;;Haven;Apparently a band is gonna play here soon!;Apparently a band is gonna play here soon!;"¿Ya te enterasté? ¡Parece que una banda tocará
aquí dentro de poco!"
;;;Third Eye Frog;Third Eye Frog;
;;Third Eye Frog;"\etalk[10]Ribbit! It sounds like there's gonna be some
live music this evening!";"\etalk[10]Ribbit! It sounds like there's gonna be some
live music this evening!";
;;Loaf Cat;\etalk[11]How would you rate this loaf?;\etalk[11]How would you rate this loaf?;\etalk[11]¿Qué calificación le das a este gato?
;;Loaf Cat;\etalk[11]That's just rude!;\etalk[11]That's just rude!;\etalk[11]¡Eso no fue miuy amable!
;;Loaf Cat;\etalk[11]That's pretty low...;\etalk[11]That's pretty low ...;\etalk[11]¿Por qué tan poquito? Creo que merecía mias.
;;Loaf Cat;\etalk[11]I knew it! I tried my best!;\etalk[11]I knew it! I tried my best!;\etalk[11]¡Lo sabía! ¡Muchas gracias, miaumigo!
;;Loaf Cat;\etalk[11]A perfect score? Holy cow!;\etalk[11]A perfect score? Holy cow!;\etalk[11]¿Puntaje prrrfecto? ¡Miaugnífico!
;;Trumpeter;Y'all ready?;Y'all ready?;¿Todos listos?
;;Trumpeter;Ladies and gentlecats, we are The Swinging Cats!;Ladies and gentlecats, we are The Swinging Cats!;"Damas y caballeros — y amigos gatunos, con ustedes:
La Oreja de Van Ronrón."
;;Trumpeter;Thank you!;Thank you!;¡Gracias!
;;Trumpeter;"Hey buddy, nice seeing you again.\!
We've got a bit of a problem here ...";"Hey buddy, nice seeing you again.\!
We've got a bit of a problem here ...";"Qué gusto verte de nuevo, amigo.\!
¿Sabes?, tenemos un pequeño probremín aquí..."
;;Trumpeter;"We couldn't jam at school, but can you help
out now?";"We couldn't jam at school, but can you help
out now?";"No pudimos tocar juntos en la escuela, ¿crees
que podríamos hacerlo ahora?"
;;Trumpeter;"Our keyboard player is stuck in traffic and won't
get here in time.";"Our keyboard player is stuck in traffic and won't
get here in time.";"Nuestro tecladista está atascado en el tráfico y
no llegará a tiempo."
;;Trumpeter;You can probably see what I'm about to ask ...;You can probably see what I'm about to ask ...;"Creo que ya sabes lo que te voy a pedir
a continuación..."
;;;I'll play;I'll play;Lo haré
;;;Give me a second;Give me a second;Dame un momento
;;Trumpeter;"Awesome! Hop on the keyboard and try to jam
along!";"Awesome! Hop on the keyboard and try to jam
along!";¡Perfecto! ¡El teclado es todo tuyo, amigo!
;;Trumpeter;No worries, let me know if you wanna help out.;No worries, let me know if you wanna help out.;Está bien, tomatelo con calma.
;;Trumpeter;You up?;You up?;¿Ya te decidiste?
;;Trumpeter;Hop on the keyboard and try to jam along!;Hop on the keyboard and try to jam along!;Entonces ¡es hora de tocar!
;;Trumpeter;"That was great! 
Thanks for helping out man!";"That was great! 
Thanks for helping out man!";"¡Eso salió increible! No lo hubieramos hecho
sin ti. Muchas gracias, en serio."
;;;Tako Stix;Tako Stix;
;;Tako Stix;Who needs two arms when you've got eight!;Who needs two arms when you've got eight!;
;;;Thunder Cat;Thunder Cat;
;;Thunder Cat;Just out here walking the bass.;Just out here walking the bass.;
;;;Roseate;Roseate;
;;Roseate;"\etalk[19]I've been thinking a lot about some rather
concerning stuff lately.";"\etalk[19]I've been thinking a lot about some rather
concerning stuff lately.";
;;Roseate;"\etalk[19]Like mortality, our role in the world,
and the endless, empty space we live in.";"\etalk[19]Like mortality, our role in the world,
and the endless, empty space we live in.";
;;Roseate;"\etalk[19]I feel like I'm wasting my time thinking
about it...";"\etalk[19]I feel like I'm wasting my time thinking
about it ...";
;;;Zippy;Zippy;
;;Zippy;"I really wanna zee the muzicians up close, but I'm
worried I'll be deaf at the end of the zhow.";"I really wanna zee the muzicians up close, but I'm
worried I'll be deaf at the end of the zhow.";
;;Zippy;"That'z why I'm wearing these headphonez!\!
Now I'll never be deaf!";"That'z why I'm wearing these headphonez!\!
Now I'll never be deaf!";
;;;Daisy;Daisy;
;;Daisy;"\etalk[21]I'm so glad we finally get to see each other
again after so long!";"\etalk[21]I'm so glad we finally get to see each other
again after so long!";
;;Daisy;\etalk[21]I've really missed you!!!;\etalk[21]I've really missed you!!!;
;;;Muffin;Muffin;
;;Muffin;"\etalk[22]It's nice to be able to hang out with
you again...";"\etalk[22]It's nice to be able to hang out with
you again ...";
;;;Skater;Skater;
;;Skater;"I like it, but I feel like the chords could
be more special...";"I like it, but I feel like the chords could
be more special ...";
;;;Weston;Weston;
;;Weston;Watching this band is cool, but let's be honest.;Watching this band is cool, but let's be honest.;
;;Weston;"The true genius is right here, taking notes for
my next big hit!";"The true genius is right here, taking notes for
my next big hit!";
;;;Space Cat;Space Cat;
;;Space Cat;They can really groove!;They can really groove!;
;;;Paranoid Man;Paranoid Man;
;;Paranoid Man;"I'm not here...
This isn't happening...";"I'm not here ...
This isn't happening ...";
;;;Christo;Christo;
;;Christo;"They really can groove...\!
You can feel that digital love in the air!";"They really can groove ...\!
You can feel that digital love in the air!";
;;;The Beetle;The Beetle;
;;The Beetle;I'm excited to see what they've got... ;I'm excited to see what they've got ... ;
;;The Beetle;They really took a sad song, and made it better.;They really took a sad song, and made it better.;
;;;Black Cow;Black Cow;
;;Black Cow;"\etalk[29]I'd love to learn the saxophone, and play just
what I feel.";"\etalk[29]I'd love to learn the saxophone, and play just
what I feel.";
;;Black Cow;\etalk[29]I've got no way with music though, but I can dream.;\etalk[29]I've got no way with music though, but I can dream.;
;;;Concerned Cat;Concerned Cat;
;;Concerned Cat;\etalk[30]Damn! This red chili pepper is really hot!;\etalk[30]Damn! This red chili pepper is really hot!;
;;Concerned Cat;\etalk[30]Why did I take a bite?!;\etalk[30]Why did I take a bite?!;
;;Concerned Cat;"\etalk[30]Why did I just take ANOTHER bite of this
red, hot chili pepper?!";"\etalk[30]Why did I just take ANOTHER bite of this
red, hot chili pepper?!";
;;;Sound Engineer;Sound Engineer;
;;Sound Engineer;This audio system seems to be down...;This audio system seems to be down ...;
;;;The arcade is on fire.;The arcade is on fire.;
;;;It's a duster.;It's a duster.;
;;;Marimba Cat;Marimba Cat;
;;Marimba Cat;Uhhh... which one do I hit again?;Uhhh ... which one do I hit again?;
;;;The tuba is bigger than their entire body.;The tuba is bigger than their entire body.;
;;Trumpeter;Hey! It's you!;Hey! It's you!;"¡Hey, yo te recuerdo! ¡Eres el chico que encontró mi trompeta!"
;;Trumpeter;Could you come up here for a sec?;Could you come up here for a sec?;¿Puedes subir aquí un momento?
;;Aero;\etalk[13]Aw dang it! You found me!;\etalk[13]Aw dang it! You found me!;\etalk[13]¡Caray! Pense que no ibas a encontrarme aquí.
;;Aero;\etalk[13]Wanna play again?;\etalk[13]Wanna play again?;\etalk[13]¿Quieres jugar de nuevo?
;;Aero;"\etalk[13]Alright! I'm going to backtrack a bit, you
won't find me this time!";"\etalk[13]Alright! I'm going to backtrack a bit, you
won't find me this time!";"\etalk[13]Okay, ¡esta vez no me encontrarás!"
;;;He looks familiar.;He looks familiar.;Parece conocido.
;;;Scared Cat;Scared Cat;Gata Asustada
;;Scared Cat;\etalk[8]Thank you ...;\etalk[8]Thank you ...;\etalk[8]Miau, muchas gracias...
;;Zach;"The one who in victory wins on himself,
wins two times.";"The one who in victory wins on himself,
wins two times.";
;;Scared Cat;\etalk[8]Help ... Please ...;\etalk[8]Help ... Please ...;\etalk[8]¡Miauxilio, por favor!
;;;Help;Help;Ayudar
;;;Leave;Leave;Irse
;;;You help the kitten out of the train tracks.;You help the kitten out of the train tracks.;Ayudas al gatito a salir de los rieles del tren.
;;;Baker;Baker;Panadero
;;Baker;Hello, would you like to buy some sawdust bread?;Hello, would you like to buy some sawdust bread?;Hola, ¿quieres comprar unos panes secos?
;;Baker;Here you go!;Here you go!;Aquí tienes.
;;;You got Sawdust Bread.;You got Sawdust Bread.;Recibiste pan seco.
;;Baker;That's fine! Have a good day!;That's fine! Have a good day!;Está bien. ¡Que tengas un buen día!
;;Baker;That's enough sawdust bread.;That's enough sawdust bread.;Ya es suficiente pan seco.
;;;John sent me;John sent me;Me envió John
;;Baker;Ummm ...;Ummm ...;Mmm...
;;Baker;Okay, here's your bread.;Okay, here's your bread.;Okay, aquí está tu pan.
;;;"Why do they call it oven when you of in the cold
food of out hot eat the food?";"Why do they call it oven when you of in the cold
food of out hot eat the food?";"Con tantos gatos alrededor, ya me entraron ganas
de hornearme una lasaña y odiar los lunes."
;;;"The oven.
Bake the mix?";"The oven.
Bake the mix?";"El horno.
¿Hornear la mezcla?"
;;;Smells great.;Smells great.;Huele muy bien.
;;;You made a Gourmet Catnip Soufflé!\!?;You made a Gourmet Catnip Soufflé!\!?;"¡Preparaste un suflé gourmet de hierba para gatos!\!
¿verdad?"
;;;"The oven.
It smells burnt.";"The oven.
It smells burnt.";"El horno.
Huele a quemado."
;;Aero;\etalk[13]One more time!;\etalk[13]One more time!;\etalk[13]¡Juguemos una vez más!
;;Aero;\etalk[13]This time you'll never find me!;\etalk[13]This time you'll never find me!;\etalk[13]¡Esta vez te juro que no me encontrarás!
;;;It's a shelf full of bread.;It's a shelf full of bread.;
;;;Max;Max;
;;Max;I love bread.;I love bread.;
;;;Mittens;Mittens;
;;Mittens;"\etalk[4]I've been waiting for an hour now to
get a haircut!";"\etalk[4]I've been waiting for an hour now to
get a haircut!";
;;Mittens;\etalk[4]This is getting ridiculous!;\etalk[4]This is getting ridiculous!;
;;;Frank;Frank;
;;Frank;\etalk[5]Ha! What do you think of my new haircut?!;\etalk[5]Ha! What do you think of my new haircut?!;
;;;It's nice;It's nice;
;;;You've made a mistake;You've made a mistake;
;;Frank;\etalk[5]Thanks man! It looks totally rad!;\etalk[5]Thanks man! It looks totally rad!;
;;Frank;\etalk[5]Pft... Whatever!\. I like it!;\etalk[5]Pft ... Whatever!\. I like it!;
;;Frank;\etalk[5]I'll always trust this barber!;\etalk[5]I'll always trust this barber!;
;;;Shark;Shark;
;;Shark;Hey ... Do you think you could help me escape?;Hey ... Do you think you could help me escape?;
;;Shark;What? Never seen a talking shark before?;What? Never seen a talking shark before?;
;;Shark;"Ehh, it's probably not worth the trouble to
help me.";"Ehh, it's probably not worth the trouble to
help me.";
;;Shark;I do have a pretty good life here.;I do have a pretty good life here.;
;;;Would you like a haircut?;Would you like a haircut?;
;;;It's a coat rack.;It's a coat rack.;
;;;Coat Rack;Coat Rack;
;;Coat Rack;Hello!;Hello!;
;;Coat Rack;It is I, the talking coat rack!;It is I, the talking coat rack!;
;;Coat Rack;Not surprised?;Not surprised?;
;;Coat Rack;Well\....;Well\. ...;
;;Coat Rack;Uh...;Uh ...;
;;Coat Rack;Watch this!;Watch this!;
;;Coat Rack;Boom!;Boom!;
;;Waiter;\etalk[8]Welcome to our barber shop.;\etalk[8]Welcome to our barber shop.;
;;;Hair products.;Hair products.;
;;;You should do your work before you leave.;You should do your work before you leave.;
;;;Grab;Grab;Agarrar
;;;It's an hot kettle, filled with water.;It's a hot kettle, filled with water.;Es una tetera llena de agua.
;;;It's a hot kettle, filled with water.;It's a hot kettle, filled with water.;Es una tetera llena de agua.
;;;The sink.;The sink.;El lavaplatos.
;;;Fill the kettle;Fill the kettle;Llenar la tetera
;;;I should turn on the kettle in the left corner.;I should turn on the kettle in the left corner.;"Debería hervir el agua de la tetera
en la esquina izquierda."
;;;There's a bunch of catnip, and some catnip leaves.;There's a bunch of catnip, and some catnip leaves.;Hay bastante hierba para gatos.
;;;"There's a bunch of catnip, and some catnip leaves.
Steep the leaves into the cup?";"There's a bunch of catnip, and some catnip leaves.
Steep the leaves into the cup?";"Hay bastante hierba para gatos.
¿Echo algunas hojas en la taza?"
;;;You made Catnip Tea!;You made Catnip Tea!;Hiciste un té de hierba para gatos.
;;;You took all the catnip that was left.;You took all the catnip that was left.;Usaste toda la hierba para gatos que había.
;;Waiter;We just got an order for catnip tea, chef.;We just got an order for catnip tea, chef.;"Nos llegó una orden de té de hierba
para gatos."
;;Waiter;"Fill the kettle with water, pour the water into
a cup, and steep the catnip leaves into the cup.";"Fill the kettle with water, pour the water into
a cup, and steep the catnip leaves into the cup.";"Llena la tetera con agua, vierte el agua en
una taza y añade las hojas de hierba para gatos."
;;Waiter;"When you're done, bring it here.\|
Good luck chef.";"When you're done, bring it here.\|
Good luck chef.";"Tráela cuando termines.\|
Buena suerte."
;;Waiter;Are you done?;Are you done?;¿Terminaste?
;;Waiter;Excellent.;Excellent.;Excelente
;;;Customer;Customer;Cliente
;;Customer;"Mmm,\. this is just what I needed.\!
Perfectly brewed!";"Mmm,\. this is just what I needed.\!
Perfectly brewed!";"Mmm,\. justo lo que necesitaba.\!
Y está exquisito."
;;Customer;"I’m feeling a bit peckish after that delightful tea.
Can I order some of those fish cakes?";"I’m feeling a bit peckish after that delightful tea.
Can I order some of those fish cakes?";"Pero creo que este té caería mejor con algo sólido.
¿Sirven croquetas de atún aquí?"
;;Waiter;Of course.;Of course.;Claro que sí.
;;Waiter;We just got an order for fish cakes, chef.;We just got an order for fish cakes, chef.;Tenemos una orden de croquetas de atún.
;;Waiter;"Mash some tuna, mix in breadcrumbs, egg and
catnip. Form into patties, and fry them in a pan.";"Mash some tuna, mix in breadcrumbs, egg and
catnip. Form into patties, and fry them in a pan.";"Mezcla atún molido con pan rallado, huevo y hierba
para gatos. Dales forma de discos y luego fríelas."
;;Waiter;"I believe you aren't finished.\!
We'll wait here for you, chef.";"I believe you aren't finished.\!
We'll wait here for you, chef.";"Creo que aún no has terminado.\!
Esperaré aquí a que esté listo."
;;Waiter;We'll wait here for you, chef.;We'll wait here for you, chef.;Esperaré aquí a que esté listo.
;;Waiter;When you're done, bring it here.;When you're done, bring it here.;Tráela cuando termines.
;;Customer;"Unbelievable! Eggshells and melted plastic?\!
This is unacceptable!";"Unbelievable! Eggshells and melted plastic?\!
This is unacceptable!";"¡¿Qué?! ¡Cáscaras de huevo con plástico derretido!\!
¡Inaceptable!"
;;Customer;"But ...\| fine.\!
Let’s see if the soufflé can redeem this.";"But ...\| fine.\!
Let’s see if the soufflé can redeem this.";"Pero...\| bueno.\!
Veamos si el suflé es una historia diferente."
;;Waiter;Of course, sir.;Of course, sir.;Por supuesto, señor.
;;Customer;\}...\. It better not come with any surprise ingredients...;\}...\. It better not come with any surprise ingredients ...;"\}...\. Ojalá que esta vez no traiga
ingredientes extraños..."
;;Waiter;This is an emergency.;This is an emergency.;Es una emergencia.
;;Waiter;"We have a customer who was dissatisfied with
the fish cakes.";"We have a customer who was dissatisfied with
the fish cakes.";"Tenemos un cliente insatisfecho con las
croquetas de atún."
;;Waiter;"Whisk the egg whites, mix the yolks with cheese,
milk and catnip, add whites and bake in the oven.";"Whisk the egg whites, mix the yolks with cheese,
milk and catnip, add whites and bake in the oven.";"Mezcla yemas de huevo con queso, leche y hierba
gatera. Añade las claras batidas y hornéalo."
;;Waiter;"If you don't make the best goddamn soufflé the
customer has ever eaten...";"If you don't make the best goddamn soufflé the
customer has ever eaten ...";"Si no logras hacer el mejor suflé que él haya
probado en su maldita vida..."
;;Waiter;...\. We'll get a negative review.;...\. We'll get a negative review.;"...\. Tendremos una reseña negativa dentro
de poco."
;;Waiter;... Whatever this is, it doesn't look great.;... Whatever this is, it doesn't look great.;... E-Esto no se ve muy bien.
;;Customer;"This has to be the greatest thing my taste buds
have ever tasted.";"This has to be the greatest thing my taste buds
have ever tasted.";"Este es uno de los MEJORES suflés que he
probado en toda mi maldita vida."
;;Customer;"This ...\!
This is \{ART.";"This ...\!
This is \{ART.";"Esto...\!
Es una \{OBRA MAESTRA."
;;Customer;...\. I'm posting a positive review on meowle.;...\. I'm posting a positive review on meowle.;...\. Con todo gusto les daré una reseña positiva.
;;Waiter;Welp, looks like you did a good job, chef.;Welp, looks like you did a good job, chef.;Vaya, parece que lo lograste.
;;Waiter;You can take off for the day.;You can take off for the day.;Eso es todo por hoy.
;;;It's canned tuna.;It's canned tuna.;Una lata de atún.
;;;A pan.;A pan.;Una sartén.
;;;"A pan.
Put the bowl in?";"A pan.
Put the bowl in?";"Una sartén.
¿Poner el tazón encima?"
;;;You put the bowl in the pan.;You put the bowl in the pan.;Pusiste el tazón en la sartén.
;;;You made fish cakes!;You made fish cakes!;¡Preparaste pasteles de pescado!
;;;A bowl.;A bowl.;Un tazón.
;;;"A bowl.
Mash the tuna?";"A bowl.
Mash the tuna?";"Un tazón.
¿Aplastar el atún?"
;;;You mashed the tuna.;You mashed the tuna.;Aplastaste el atún.
;;;You should add breadcrumbs, eggs and catnip.;You should add breadcrumbs, eggs and catnip.;"Debes añadir pan rallado, huevos y
hierba para gatos."
;;;Add breadcrumbs;Add breadcrumbs;Añadir pan rallado
;;;Add eggs;Add eggs;Añadir huevos
;;;Add catnip;Add catnip;Añadir hierba para gatos
;;;It's a bowl with the tuna cake mix.;It's a bowl with the tuna cake mix.;Es un tazón con la mezcla para los pasteles de atún.
;;;You should add cheese, milk, and catnip.;You should add cheese, milk, and catnip.;Debes añadir queso, leche y hierba para gatos.
;;;Add milk;Add milk;Añadir leche
;;;Add cheese;Add cheese;Añadir queso
;;;"\{Bowl.\}
Mix it?";"\{Bowl.\}
Mix it?";"\{Tazón.\}
¿Mezclarlo?"
;;;You mixed the ingredients.;You mixed the ingredients.;Mezclaste los ingredientes.
;;;\{Bowl.\};\{Bowl.\};\{Tazón.\}
;;;It's milk.;It's milk.;Es leche.
;;;It's cheese.;It's cheese.;Es queso.
;;;It's a bag of breadcrumbs.;It's a bag of breadcrumbs.;Es una bolsa con pan rallado.
;;;Eggs.;Eggs.;Huevos
;;;The oven.;The oven.;El horno.
;;;Continue?;Continue?;¿Continuar?
;;;\<then you escape;\<then you escape;\<y decides huir
;;;\<instead of facing your problems;\<instead of facing your problems;\<en vez de enfrentar tus problemas
;;;\<what does it change;\<what does it change;\<nada va a cambiar así
;;;\<what is the point;\<what is the point;\<de qué sirve hacer eso
;;;\<you're in your own world all the time;\<you're in your own world all the time;\<te escondes en tu propio mundo
;;;\<you don't bring any change;\<you don't bring any change;\<no te esfuerzas por cambiar
;;;\<you've already disappointed so many;\<you've already disappointed so many;\<has decepcionado a tantos
;;;\<why have the chance to mess it all up again;\<why have the chance to mess it all up again;\<e intentas arruirnarlo todo de nuevo
;;;\<was it all your fault?;\<was it all your fault?;\<¿todo fue culpa tuya?
;;;\<it's not like you can change what you did;\<it's not like you can change what you did;ya es tarde para cambiar lo que hiciste
;;;\<since when did you get control over your actions;\<since when did you get control over your actions;\<¿desde cuándo tienes control sobre tus acciones?
;;;You were devastated.;You were devastated.;Estabas hecho pedazos.
;;;You thought about jumping in front of a car too.;You thought about jumping in front of a car too.;"Por un momento consideraste lanzarte contra
uno de los carros que pasaban."
;;;"You couldn't stand the fact of being all
alone again.";"You couldn't stand the fact of being all
alone again.";"No lograbas soportar la idea de quedarte
solo nuevamente."
;;;"The silence grew louder and louder.\!
The whispers when no one else was around.";"The silence grew louder and louder.\!
The whispers when no one else was around.";"El silencio crecía y crecía,\!
así como aquellas voces a tu alrededor."
;;;"Do you think you've accepted this moment
in your head?";"Do you think you've accepted this moment
in your head?";"¿Crees que has logrado superar este
trauma?"
;;;"We realize these moments might be hard to
witness again.";"We realize these moments might be hard to
witness again.";"Quizás sea espantoso revivir este trauma."
;;;But if you want to let go, you must embrace it.;But if you want to let go, you must embrace it.;"Pero si quieres superarlo, primero debes
aceptarlo."
;;;"There's no right or wrong answer here.\!
There's no saying if you caused her death.";"There's no right or wrong answer here.\!
There's no saying if you caused her death.";"No existe respuesta correcta o errada.\!
Y nadie puede decir con certeza si fue tu culpa."
;;;The only answer you can have, is your own.;The only answer you can have, is your own.;Lo único que importa aquí es lo que tú creas.
;;;...\| Can you give Selene her freedom and peace?;...\| Can you give Selene her freedom and peace?;...\| ¿Quieres que Selene por fin descanse en paz?
;;;Thank you for being here;Thank you for being here;Gracias por todo, Selene
;;;I miss her so much;I miss her so much;Te extraño tanto
;;;Selene, if you can hear me from this world.;Selene, if you can hear me from this world.;"Si puedes oírme desde donde sea que estés,
Selene..."
;;;I want to thank you for being a part of me.;I want to thank you for being a part of me.;Gracias por haber formado parte de mi vida.
;;;"You made me feel safe in a way nothing else
ever has.";"You made me feel safe in a way nothing else
ever has.";"Me hiciste sentir querido, como nunca nadie
lo había hecho."
;;;"Every time I saw you, I would automatically smile.\!
I'd feel whole.";"Every time I saw you, I would automatically smile.\!
I'd feel whole.";"Siempre lograbas sacarme una sonrisita.\!
Y me hacías sentir tan feliz."
;;;"...\| And even though you're gone now,\. your love
will always be with me.";"...\| And even though you're gone now,\. your love
will always be with me.";"...\| Y aunque ya no estás aquí,\. nunca olvidaré
ese cariño especial que sentía por ti."
;;;I promise to carry it forward from now on.;I promise to carry it forward from now on.;Te prometo que voy a superar todo esto.
;;;Thank you, Selene.;Thank you, Selene.;Gracias por todo, Selene.
;;;"I feel so guilty.\!
I feel so wrong.";"I feel so guilty.\!
I feel so wrong.";"Toda esta culpa está consumiéndome.\!
No deja de atormentarme."
;;;She's the only thing I ever had.;She's the only thing I ever had.;Ella era todo lo que tenía en este mundo.
;;;Her poor body, lifeless on the road...;Her poor body, lifeless on the road ...;Su cuerpecito... tirado, sin rastro de vida.
;;;...\. I just can't get that image out of my head.;...\. I just can't get that image out of my head.;...\. No puedo quitarme esa imagen de la mente.
;;;I should have listened to my mom.;I should have listened to my mom.;Debí haber obedecido a mamá.
;;;I'm the reason she had such a short life.;I'm the reason she had such a short life.;Ella estaría viva si no fuera por mí.
;;;I should have protected her better.;I should have protected her better.;Debí haber cuidado mejor de ella.
;;;I can feel the whispers returning.;I can feel the whispers returning.;Las voces... ellas están volviendo.
;;;You place the ball of yarn on the ground.;You place the ball of yarn on the ground.;Colocas el ovillo de lana en el suelo.
;;Haven;Goodbye.;Goodbye.;Adiós.
;;;It's Selene's grave.;It's Selene's grave.;Es la tumba de Selene.
;;;"Knowing her dead body is under your feet, makes
you feel sick.";"Knowing her dead body is under your feet, makes
you feel sick.";"Te invade un malestar al pensar que ella está
enterrada justo ahí bajo tus pies."
;;;"It's a gravestone.\.
There's no name on it.";"It's a gravestone.\.
There's no name on it.";"Es una lápida.\.
No tiene ningún nombre escrito."
;;;"It's a gravestone with flowers.\.
The name on it reads 'Nemoid'.";"It's a gravestone with flowers.\.
The name on it reads 'Nemoid'.";"Es una tumba adornada con algunas flores.\.
En la lápida se lee el nombre 'Nemoid'."
;;;You sat at the bus stop for a while.;You sat at the bus stop for a while.;Te sientas en la parada de autobús y esperas.
;;;"                 There's a knife on the floor.\!
                     You decide to grab it.";"                 There's a knife on the floor.\!
                     You decide to grab it.";"                 Hay un cuchillo en el suelo.\!
                     Decides agarrarlo."
;;;I should probably take the ball of yarn...;I should probably take the ball of yarn ...;Debería agarrar el ovillo de lana...
;;;I remember how I made a fort for my cat.;I remember how I made a fort for my cat.;"Recuerdo la vez que hice una especie de fuerte
para que mi gata tuviese donde dormir."
;;;"She didn't have anywhere to sleep, since my mom
and dad didn't care about her.";"She didn't have anywhere to sleep, since my mom
and dad didn't care about her.";"Mamá y papá no se importaban en lo
más mínimo con ella."
;;;"We made it out of two binders, a blanket, and a
pillow.";"We made it out of two binders, a blanket, and a
pillow.";"Lo hicimos juntando dos carpetas de tapa dura,
una manta y una almohada."
;;;"My mom also gave me one of her balls of yarn
that she had from when she used to knit.";"My mom also gave me one of her balls of yarn
that she had from when she used to knit.";"Mamá también me regaló uno de sus ovillos
de lana de cuando aún tejía."
;;;It seemed like Selene enjoyed it.;It seemed like Selene enjoyed it.;Parecía que a Selene le había encantado.
;;;It's not much, but I hope you'll enjoy it Selene.;It's not much, but I hope you'll enjoy it Selene.;Sé que no es mucho, pero espero que te guste.
;;;Selene let out a soft, squeaky meow.;Selene let out a soft, squeaky meow.;Selene soltó un maullido agudo pero suave.
;;;"Whenever my dad was mad, I would run to the
park nearby.";"Whenever my dad was mad, I would run to the
park nearby.";"Siempre que papá andaba furioso, me escapaba
a un parque cercano."
;;;"It wasn't too far from my home, and it was always
empty.";"It wasn't too far from my home, and it was always
empty.";"No estaba muy lejos de casa, y siempre estaba
vacío."
;;;"I would draw on my notebook for an hour until I
returned home.";"I would draw on my notebook for an hour until I
returned home.";"Me ponía a dibujar en mi libreta, y después de
pasar un buen rato ahí, volvía a casa."
;;;"I wish I could take Selene with me, but my mom
wouldn't allow me to take her outside the house.";"I wish I could take Selene with me, but my mom
wouldn't allow me to take her outside the house.";"Me hubiera gustado llevar a Selene conmigo, pero
mamá nunca me dejó."
;;;"I would hide her in the fort in my room, so she
wouldn't annoy my dad even more.";"I would hide her in the fort in my room, so she
wouldn't annoy my dad even more.";"Antes de salir, la escondía en mi cuarto, para
que no incomodara a papá."
;;;Poor girl...;Poor girl ...;Pobrecita...
;;;I haven't seen that notebook in so long.;I haven't seen that notebook in so long.;Hace mucho que no veo aquella libreta.
;;;I wonder where it went?;I wonder where it went?;¿Dondé estará ahora?
;;;"At home, my cat would hop on my lap when I was 
sitting on my bed.";"At home, my cat would hop on my lap when I was 
sitting on my bed.";"A mi gata le gustaba recostarse en mi regazo cuando
estábamos en mi habitación. "
;;;"I remember how nice it felt when she finally
did it for the first time.";"I remember how nice it felt when she finally
did it for the first time.";"Me hacía sentir feliz cuando hacía eso."
;;;"One day as I was walking back from school, I heard
something near the train tracks.";"One day as I was walking back from school, I heard
something near the train tracks.";"Un día, mientras volvía de la escuela, oí unos
débiles maullidos que venían de las vías del tren."
;;;It was a small kitten crying for help.;It was a small kitten crying for help.;Era una pequeña gatita que maullaba por ayuda.
;;;"I ran over and carefully helped the cat out of
the wires.";"I ran over and carefully helped the cat out of
the wires.";"Entonces corrí hasta ella y la saqué de ahí con
mucho cuidado."
;;;"I noticed its tail was missing.\!
It must have been attacked.";"I noticed its tail was missing.\!
It must have been attacked.";"Me di cuenta que le faltaba su colita.\!
Seguro la perdió al ser atacada por otros gatos."
;;;It kept following me after I left.;It kept following me after I left.;"Luego de ayudarla, estuvo siguiéndome
todo el rato."
;;;"I tried to tell the cat to go away, but it insisted
on following me.";"I tried to tell the cat to go away, but it insisted
on following me.";"Traté de decirle que se fuera, pero no sirvió
de nada."
;;;...\. Did this cat not have a home?;...\. Did this cat not have a home?;...\. ¿Acaso no tendrá un hogar?
;;;"I hid it in my bag, but my parents found out\
eventually.";"I hid it in my bag, but my parents found out\
eventually.";"La llevé a casa a escondidas, pero al final
mis padres la descubrieron de todas formas."
;;;"They didn't care enough to throw it out though, so
the cat stayed.";"They didn't care enough to throw it out though, so
the cat stayed.";"No les importó mucho que la trajera, así que la
dejaron quedarse."
;;;"The only thing my mom asked was that it wouldn’t
annoy dad or go outside.";"The only thing my mom asked was that it wouldn’t
annoy dad or go outside.";"Lo único que mamá me exigió era que no
molestara a papá o saliera de casa."
;;;"I named her Selene, and she would be in my room
most of the time.";"I named her Selene, and she would be in my room
most of the time.";"Decidí llamarla Selene. Le gustaba mucho quedarse
en mi habitación todo el tiempo."
;;;... She made me feel safe for the first time.;... She made me feel safe for the first time.;... Me hacía sentir querido al estar con ella.
;;;Go away.\! You can't come home with me.;Go away.\! You can't come home with me.;¡A casa!\! No puedes venir conmigo.
;;;The cat looked curious at me.;The cat looked curious at me.;La gata no dejaba de mirarme, curiosa.
;;;It's crying for help.;It's crying for help.;Está maullando por ayuda.
;;;I feel sad.;I feel sad.;Me siento triste.
;;;Why do I feel sad.;Why do I feel sad.;¿Por qué me siento triste?
;;;There's no reason to be sad.;There's no reason to be sad.;No tengo razón para sentirme así.
;;;Stop being sad.;Stop being sad.;Para de sentirte así.
;;;"I can't keep looking at her pictures.\!
It's creepy.";"I can't keep looking at her pictures.\!
It's creepy.";"No puedo dejar de mirar sus fotos.\!
Me hace sentir raro."
;;;"Is this my fault?\.
Should I have handled this differently?";"Is this my fault?\.
Should I have handled this differently?";"¿Es mi culpa?\.
¿Debí haber actuado diferente?"
;;;STOP IT STOP IT STOP IT STOP IT;STOP IT STOP IT STOP IT STOP IT;¡BASTAAAA!
;;;I CAN'T CONTROL IT;I CAN'T CONTROL IT;NO PUEDO CONTROLARLO
;;;I love this picture.;I love this picture.;Adora esta foto.
;;;"I remember she sent me a lot of pictures.\.
They were so cute.";"I remember she sent me a lot of pictures.\.
They were so cute.";"Ella me había enviado varias fotos.\.
Se veía tan linda en cada una de ellas."
;;;I don't miss her.;I don't miss her.;No la extraño a ella.
;;;I miss the version of her that I remember.;I miss the version of her that I remember.;Sino a aquella version de ella.
;;;Why would I miss something that doesn't exist?;Why would I miss something that doesn't exist?;¿Por qué extraño a algo que no existe más?
;;;She is so pretty.;She is so pretty.;Ella es tan bonita.
;;;I can't stop looking at her face.;I can't stop looking at her face.;No puedo dejar de ver su rostro.
;;;I can't keep doing this.;I can't keep doing this.;No puedo seguir haciendo esto.
;;;Why can't I continue.;Why can't I continue.;¿Por qué no puedo continuar?
;;;She did.;She did.;Así como ella.
;;;"GET IT OUT OF MY HEAD GET IT OUT OF MY
HEAD GET IT OUT OF MY HEAD GET IT OUT ";"GET IT OUT OF MY HEAD GET IT OUT OF MY
HEAD GET IT OUT OF MY HEAD GET IT OUT ";"¡SAL SAL SAL SAL SAL
SAL SAAL DE MI CABEZA!"
;;;WHY WON'T YOU GET OUT OF MY HEAD;WHY WON'T YOU GET OUT OF MY HEAD;¡¿POR QUÉ ES TAN DIFÍCIL?!
;;;I can't stop looking at her...;I can't stop looking at her ...;No puedo dejar de mirarla...
;;;I have to...;I have to ...;Tengo que parar...
;;;It's my car.;It's my car.;Es mi carro.
;;;"""THE PARK""";"""THE PARK""";"""EL PARQUE"""
;;;"I probably shouldn't go now.\!
That's for another day.";"I probably shouldn't go now.\!
That's for another day.";-----------------------------------------------------------------------------------------------------
;;;Old Man;Old Man;Anciano
;;Old Man;Good day.;Good day.;Buen día.
;;;Fisher;Fisher;Pescador
;;Fisher;"Haven't had any luck today.\!
Been here for a few hours and nothing.";"Haven't had any luck today.\!
Been here for a few hours and nothing.";"No hay suerte hoy.\!
Llevo varias horas aquí y nada."
;;Worm;it's so warm ...;it's so warm ...;está tan calientito...
;;Worm;i'm melting ...;i'm melting ...;que siento que me derrito...
;;Worm;aaa ...;aaa ...;ooo...
;;;You can see something in the tree's leaves.;You can see something in the tree's leaves.;"Logras ver un objeto colgando entre
las ramas de un árbol."
;;;Shake the tree;Shake the tree;Agarrarlo
;;;"                          ""Can I help you?""";"                          ""Can I help you?""";"                          ""¿Puedo ayudarlo, caballero?"""
;;;                          It's a British man.;                          It's a British man.;                          Es un señor británico.
;;;Stab;Stab;Acuchillar
;;;"                                 ""Youch!""";"                                 ""Youch!""";"                                 ""¡Ouch!"""
;;;"                               ""That hurt!""";"                               ""That hurt!""";"                               ""¡Eso ha dolido!"""
;;;                You\. Are\. A\. Successful\. Murderer.;                You\. Are\. A\. Successful\. Murderer.;                Eres\. Un\. Excelente\. Asesino.
;;;                 You\. Are\. A\. Failed\. Murderer.;                 You\. Are\. A\. Failed\. Murderer.;                 Eres\. Un\. Fracaso\. De\. Asesino.
;;;They don't seem up for talking.;They don't seem up for talking.;
;;;They're having a conversation.;They're having a conversation.;
;;;We had a weird family.;We had a weird family.;Nuestra familia era rara.
;;;"My father was always watching tv while drinking
multiple cans of beer.";"My father was always watching tv while drinking
multiple cans of beer.";"Mi padre siempre estaba sentado frente al televisor
bebiendo cerveza."
;;;"I don't even know much about him.\!
We've never really talked a lot.";"I don't even know much about him.\!
We've never really talked a lot.";"Ni siquiera podría decir que lo conozco bien,\!
ya que no hablabamos mucho."
;;;My mother was the one who took care of me.;My mother was the one who took care of me.;Mi madre era la que cuidaba de mí.
;;;"She would make food, wash my clothes, ask how
school was ...";"She would make food, wash my clothes, ask how
school was ...";"Preparaba la comida, lavaba mis ropas y me
preguntaba como me iba en la escuela..."
;;;"She tried her best to give me a good childhood,
but it made me scared of her sometimes.";"She tried her best to give me a good childhood,
but it made me scared of her sometimes.";"Siempre trató de darme una buena infancia,
aunque a veces me daba un poco de miedo."
;;John;Are you ready for your first challenge?;Are you ready for your first challenge?;
;;John;You don't have a choice.;You don't have a choice.;
;;John;"Okay, for your first challenge, you must find me
a rock.";"Okay, for your first challenge, you must find me
a rock.";
;;John;For your first challenge, you must find me a rock.;For your first challenge, you must find me a rock.;
;;John;It appears you have found a really nice rock.;It appears you have found a really nice rock.;
;;;It's a small rock.;It's a small rock.;Es una piedra pequeña.
;;;No response.;No response.;Nadie responde.
;;;Enter the shower?;Enter the shower?;¿Meterte en la ducha?
;;;A bathtub.;A bathtub.;Una bañera.
;;;"My mom would sometimes randomly tell me she
loves me.";"My mom would sometimes randomly tell me she
loves me.";"Mi madre a veces me decía que me amaba
así de la nada."
;;;It was really uncomfortable.;It was really uncomfortable.;Era bastante incómodo.
;;;"Her words never felt like they meant something.\!
They never made me feel loved.";"Her words never felt like they meant something.\!
They never made me feel loved.";"Sus palabras se sentían vacías.\!
Nunca llegaban a tocarme el corazón."
;;;"I never made an attempt to understand her.
It felt like something I didn't have to look into.";"I never made an attempt to understand her.
It felt like something I didn't have to look into.";"Por mi lado, nunca traté de entenderla.
No quería inmiscuirme mucho en su vida"
;;;I'm living my life and she's living hers.;I'm living my life and she's living hers.;"Al fin y al cabo, es su vida y ella decide
cómo vivirla, al igual que yo."
;;;I should try to understand her;I should try to understand her;Debo intentar entenderla
;;;She didn't mean much to me;She didn't mean much to me;Ella no me importa mucho
;;;I'm sure she had her own way of showing her love.;I'm sure she had her own way of showing her love.;"Estoy seguro de que esa era la forma que
tenía de demostrarme que me quería."
;;;"It's something I never felt but looking back, she 
did care about me.";"It's something I never felt but looking back, she 
did care about me.";"Y ahora que lo veo de esta manera, supongo que sí
se preocupaba por mí, después de todo."
;;;"And knowing that does help.\!
I should have been thankful to have her.";"And knowing that does help.\!
I should have been thankful to have her.";"Me siento algo mejor al pensar en ello.\!
Debí haber valorado más el hecho de tenerla."
;;;"Seeing her again, saying how much she loves her
son, does make me realize something.";"Seeing her again, saying how much she loves her
son, does make me realize something.";"Ahora que la veo de nuevo, diciendome lo mucho
que me ama, me doy cuenta de algo."
;;;"It might be too late to heal that relationship,
but at least I learned.";"It might be too late to heal that relationship,
but at least I learned.";"Puede que sea demasiado tarde para sanar nuestra
relación, pero al menos sé que me quería de verdad."
;;;"I know she tried her best, but it didn't mean
anything.";"I know she tried her best, but it didn't mean
anything.";"Ella trató de demostrarlo a su manera, aunque
yo no lo entendía en ese entonces."
;;;"I never felt like she was anything to me. She's just
my mother.";"I never felt like she was anything to me. She's just
my mother.";"Para mí, ella solo era una persona a la que debía
llamar de mamá."
;;;"I don't want to understand her, it'll only get me
frustrated.";"I don't want to understand her, it'll only get me
frustrated.";"No quiero tratar de conprenderla, eso solo
me hará sentir peor."
;;Mom;I love you ...;I love you ...;Te amo...
;;Mom;I love you so much ...;I love you so much ...;Recuerdalo siempre...
;;Mom;Please never leave me ...;Please never leave me ...;Por favor, nunca te alejes de mí...
;;Mom;You're all I have ...;You're all I have ...;Eres todo lo que tengo...
;;;It's 7:45 p.m.;It's 7:45 p.m.;Son las 7:45 de la tarde.
;;;Chicken nuggets.;Chicken nuggets.;Nuggets de pollo.
;;;"My mom would make them for me when she was
feeling happy.";"My mom would make them for me when she was
feeling happy.";Mamá los preparaba cuando se sentía contenta.
;;;I always thought her cooking tasted dry.;I always thought her cooking tasted dry.;Siempre pensé que su comida era un poco seca.
;;;A small bedside table.;A small bedside table.;Una pequeña mesa.
;;;My parents' bed.;My parents' bed.;La cama de mis padres.
;;;Empty pizza boxes.;Empty pizza boxes.;Cajas de pizza vacías.
;;;It's a shelf with a couple books.;It's a shelf with a couple books.;Un estante con algunos libros.
;;;A plant pot.;A plant pot.;Una maceta.
;;;It's full of my favorite movies.;It's full of my favorite movies.;Tiene todas mis películas favoritas.
;;;It's 9:15 p.m.;It's 9:15 p.m.;Son las 9:15 de la noche.
;;;My parents argued a lot.;My parents argued a lot.;Mis padres discutían todo el tiempo.
;;;My dad would get drunk and scream at my mother.;My dad would get drunk and scream at my mother.;"Cada vez que mi padre se emborrachaba, comenzaban
los gritos y peleas con mi madre."
;;;I ...;I ...;Basta...
;;;I don't want to remember...;I don't want to remember ...;No quiero acordarme de eso...
;;;It's ... \|too hard ...;It's ... \|too hard ...;Me  hace... \|mucho daño...
;;;I don't want to think about it ...;I don't want to think about it ...;No quiero pensar en eso.
;;;If mom spoke back, he would start hitting her.;If mom spoke back, he would start hitting her.;"Bastaba con que mamá le respondiese mal para
comenzara a golpearla."
;;;I'd run to my room and hide beneath the sheets.;I'd run to my room and hide beneath the sheets.;"En ese momento, yo corría hasta mi cuarto
y me escondía entre las sábanas."
;;;I hated how powerless I felt.;I hated how powerless I felt.;Odiaba sentirme tan inpotente.
;;;"I would try to be as quiet as possible so my dad
wouldn't enter my room.";"I would try to be as quiet as possible so my dad
wouldn't enter my room.";"Y ahí estaba yo, echado en completo silencio
para que mi padre no me descubriera."
;;;I'd pretend the rest of the world couldn't see me.;I'd pretend the rest of the world couldn't see me.;"Incluso trataba de contener la respiración
lo más que podía por causa del miedo."
;;;"I buried these moments, but I never had the
chance to truly face them again.";"I buried these moments, but I never had the
chance to truly face them again.";"En lugar de enfrentar esos recuerdos, decidí
enterrarlos en lo mas profundo de mi memoria."
;;;I can't ignore these moments;I can't ignore these moments;No debo seguir ignorandolos
;;;I can't forget how dad acted;I can't forget how dad acted;No olvidaré lo que hizo mi padre
;;;...\. It's horrifying to hear the noise again.;...\. It's horrifying to hear the noise again.;...\. Es algo escalofriante oir de nuevo todo eso.
;;;The constant screaming and crying of my mother.;The constant screaming and crying of my mother.;Los gritos y los llantos de mi madre.
;;;The way dad talked when he was drunk.;The way dad talked when he was drunk.;La voz agresiva de mi padre.
;;;The hours I would hide under the sheet.;The hours I would hide under the sheet.;Las horas que pasaba debajo de las sábanas.
;;;"Instead of hiding, I should let these memories
return.";"Instead of hiding, I should let these memories
return.";Tal vez debería desenterrar estos recuerdos.
;;;Watch them float,\. observe them ...;Watch them float,\. observe them ...;Sentirlos\. una vez más...
;;;... and let them move on.;... and let them move on.;... y dejarlos ir.
;;;...\. I hated him so much.;...\. I hated him so much.;...\. Lo odiaba tanto.
;;;"He didn't care at all ...\!
He kept drinking, ignoring the damage he caused.";"He didn't care at all ...\!
He kept drinking, ignoring the damage he caused.";"Nada le importaba más que su estúpida bebida...\!
Ni siquiera el daño que nos causaba."
;;;What mom and I had to go through every night ...;What mom and I had to go through every night ...;"Todo lo que mamá y yo tubimos que soportar
todas las noches..."
;;;...\| I'll never forgive that disgusting beast.;...\| I'll never forgive that disgusting beast.;...\| Nunca voy a perdonar a ese miserable.
;;;"This sheet is all I had, the closest thing to being
safe.";"This sheet is all I had, the closest thing to being
safe.";"Esta sábana era lo único que tenía que me hacía
sentir, de alguna forma, un poco más seguro."
;;;I was so scared.;I was so scared.;Tenía tanto miedo.
;;;It's a note left by mom.;It's a note left by mom.;Es una nota dejada por mamá.
;;;"""I'm so proud of you""";"""I'm so proud of you""";"""Estoy tan orgullosa de ti"""
;;;It's a stuffed shark toy.;It's a stuffed shark toy.;Es un peluche de un tiburón.
;;;The toilet.;The toilet.;El baño.
;;;"I didn't see it myself, but seeing it brings
back the same feeling.";"I didn't see it myself, but seeing it brings
back the same feeling.";"Verla así, en esta situación, me duele
tanto."
;;;She looks so small,\. so broken ...;She looks so small,\. so broken ...;Tan insignificante,\. tan indefensa...
;;;"Dad would get crazy, and mom would try to run to 
the bathroom.";"Dad would get crazy, and mom would try to run to 
the bathroom.";"Cuando papá se emborrachaba y se ponía como loco,
mamá se refugiaba en el baño."
;;;She didn't always make it ...;She didn't always make it ...;"Aunque no siempre conseguía llegar
antes que papá."
;;;"I remember seeing the bruises on her, I didn't
know what to do ...";"I remember seeing the bruises on her, I didn't
know what to do ...";"Recuerdo las marcas por todo su cuerpo; no
sabía que hacer en esos momentos..."
;;;She didn't deserve this;She didn't deserve this;Ella no merecía nada de eso.
;;;There was nothing I could do;There was nothing I could do;No había nada que yo pudiera hacer
;;;"Even if I didn't see it back then, I know she
suffered so much...";"Even if I didn't see it back then, I know she
suffered so much ...";"Ella ha sufrido tanto..."
;;;"I wasn't close to her, but no one deserves to
live like this.";"I wasn't close to her, but no one deserves to
live like this.";"Es cierto que no me sentía muy apegado a ella,
pero nadie merece esa clase de vida."
;;;I wish she could have a better life.;I wish she could have a better life.;"Desearía que hubiese tenido una vida
mejor."
;;;"There's not much I could have done, but it hurt
to watch it happen.";"There's not much I could have done, but it hurt
to watch it happen.";"Me quiebra verla así."
;;;"I feel sorry for her, but there wasn't much I could
have done.";"I feel sorry for her, but there wasn't much I could
have done.";"Lamento mucho lo que le pasó, pero no había forma
de ayudarla."
;;;I was just a kid, living in a bad environment.;I was just a kid, living in a bad environment.;"Era tan solo un muchacho viviendo en
un ambiente hostil."
;;;"I couldn't have saved her, and now I'm left with
the fear of that man's voice.";"I couldn't have saved her, and now I'm left with
the fear of that man's voice.";"Aún siento miedo al recordar esa voz
furiosa de mi padre."
;;Mom;PLEASE ...\. STOP ...;PLEASE ...\. STOP ...;POR FAVOR...\. PARA...
;;;I don't want to die.;I don't want to die.;No quiero morir.
;;;I'll never be ready.;I'll never be ready.;Y nunca estaré listo para morir.
;;;"I just can't imagine the end of my life being
pure darkness.";"I just can't imagine the end of my life being
pure darkness.";"Ni siquiera consigo imaginar como sería que
de un momento a otro, todo se vuelva oscuridad."
;;;I don't want to lose my memories.;I don't want to lose my memories.;No quisiera perder todos estos recuerdos.
;;;I don't want to lose myself.;I don't want to lose myself.;No quisiera perderme en esa oscuridad.
;;;Sometimes, it can be a bit too much.;Sometimes, it can be a bit too much.;A veces, siento que ya no aguanto más.
;;;"I feel myself wanting to end this life.\!
But I can't.";"I feel myself wanting to end this life.\!
But I can't.";"Y solo quisiera acabar con todo,\!
pero no puedo."
;;;"There's something in me that keeps saying to push
forward. \!Keep going.";"There's something in me that keeps saying to push
forward. \!Keep going.";"Hay una vocecilla muy dentro de mí que me insta
a seguir,\! a no rendirme."
;;;I just sometimes want to disappear.;I just sometimes want to disappear.;A veces quisiera desaparecer...
;;;"Just a little room for myself.\.
Floating in the void.";"Just a little room for myself.\.
Floating in the void.";"Cualquier habitación estaría bien...\.
¿Cómo se sentirá colgar en el vacío?"
;;;She's reading a book.;She's reading a book.;Ella está leyendo un libro.
;;;"I believe it was her way of escaping the life she
was living.";"I believe it was her way of escaping the life she
was living.";"Pienso que era su forma de escapar de su realidad."
;;;There were also some better times.;There were also some better times.;Aunque no todo era malo.
;;;"My mom had trouble sleeping, so she would read
on her bed a lot.";"My mom had trouble sleeping, so she would read
on her bed a lot.";"Algunas veces mamá tenía problemas para dormir
y solía leerme libros."
;;;"I'd enter the room when I had nightmares, and sit
next to her as we talked for a moment.";"I'd enter the room when I had nightmares, and sit
next to her as we talked for a moment.";"Otras veces, yo iba a su cuarto cuando tenía
pesadillas y hablabamos un rato."
;;;I felt comforted;I felt comforted;Eso me tranquilizaba
;;;I can't feel loved;I can't feel loved;No me sentía mejor
;;;"Even though I didn't feel attached to my mother, 
it did help me calm down.";"Even though I didn't feel attached to my mother, 
it did help me calm down.";"Eso realmente me tranquilizaba, aunque nunca
me sentí muy apegado a mamá."
;;;"I guess that's what mothers are for,\. doing their
best to help their child.";"I guess that's what mothers are for,\. doing their
best to help their child.";"Al menos, sé que se esforzaba\. por querer y
cuidar de su hijo."
;;;"...\| I should appreciate these moments more.\!
I don't have many of them.";"...\| I should appreciate these moments more.\!
I don't have many of them.";"...\| Debería apreciar más estos recuerdos.\!
Son algo escasos."
;;;"I shouldn’t view my mother in a negative way.\.
She tried her best,\. and I should be grateful.";"I shouldn’t view my mother in a negative way.\.
She tried her best,\. and I should be grateful.";"Debería cambiar la opinión negativa que tengo de
ella,\. y ser más agradecido \.por todo lo que hizo."
;;;...\. I felt so disconnected.;...\. I felt so disconnected.;...\. Me sentía fuera de lugar.
;;;"She was just a body, never able to live the life 
she had hoped for.";"She was just a body, never able to live the life 
she had hoped for.";"Ella cargaba la culpa de nunca poder haber
vivido la vida que quería."
;;;"...\| I know she was trying to show her love, trying
to be there for me ...";"...\| I know she was trying to show her love, trying
to be there for me ...";"...\| Sé que tenía buenas intenciones y trataba de
demostrar que me amaba..."
;;;"But I couldn't feel it.\!
It didn't mean anything to me.";"But I couldn't feel it.\!
It didn't mean anything to me.";"Pero yo nunca llegue a verlo de esa forma.\!
Esos gestos nunca significaron nada para mí."
;;;I couldn't sleep.;I couldn't sleep.;No podía dormir.
;;;I was scared of the night.;I was scared of the night.;Le temía a la oscuridad.
;;;A big cardboard box.;A big cardboard box.;Una caja grande de cartón.
;;;My mom's MP3 player.;My mom's MP3 player.;El reproductor MP3 de mamá.
;;;I started using it when she got rid of it.;I started using it when she got rid of it.;Empecé a usarlo al ver que ella ya no lo quería.
;;;"She had a couple of songs on it, though I think
I deleted them later.";"She had a couple of songs on it, though I think
I deleted them later.";"Había unas cuantas canciones, pero las terminé
borrando poco después."
;;;Pick it up?;Pick it up?;¿Agarrar?
;;;"I think they were from my dad, my mom didn't
drink.";"I think they were from my dad, my mom didn't
drink.";Creo que son de papá, ya que mamá no bebía.
;;;Or maybe she did. ;Or maybe she did. ;¿O quizás sí?
;;;It's mom's computer.;It's mom's computer.;La computadora de mamá.
;;;She didn't use it much, only for sending emails.;She didn't use it much, only for sending emails.;"Ella solo la usaba para enviar correos
electrónicos y ese tipo de cosas."
;;Haven;It’s time to finally face this, isn’t it?;It’s time to finally face this, isn’t it?;Ya es hora de enfrentarlo, ¿no crees?
;;Haven;For years, you’ve been stuck with me in your mind.;For years, you’ve been stuck with me in your mind.;"Te has aferrado a mi recuerdo durante muchos
años."
;;Haven;I just want to see you happy ...;I just want to see you happy ...;Solo quiero verte feliz...
;;Haven;"...\| If climbing this mountain can help you
achieve that,\. then you should at least try.";"...\| If climbing this mountain can help you
achieve that,\. then you should at least try.";"...\| Si escalar esta montaña te ayuda a
lograrlo,\. entonces va a valer la pena intentarlo."
;;Haven;I’ll be here for you.;I’ll be here for you.;Aquí estaré para ti.
;;Haven;Do you wanna \c[1]save\c[0] yourself?;Do you wanna \c[1]save\c[0] yourself?;¿Quieres \c[1]guardar\c[0] este recuerdo?
;;Haven;"You’ve kept me in your head for so long.\!
There's no denying it.";"You’ve kept me in your head for so long.\!
There's no denying it.";"Has estado encaprichado conmigo todo este tiempo.\!
No puedes negarlo."
;;Haven;It's like you want to hurt yourself.;It's like you want to hurt yourself.;Como si quisieras hacerte daño.
;;Haven;Do you even know why you’re here?;Do you even know why you’re here?;¿Acaso sabes por qué estás aquí?
;;;I don't know;I don't know;No lo sé
;;;Why are you here?;Why are you here?;¿Por qué estás aquí?
;;Haven;"You want to feel it all again.\!
All the moments that hurt ...";"You want to feel it all again.\!
All the moments that hurt ...";
;;Haven;... Until you finally break.;... Until you finally break.;
;;;You made me.;You made me.;
;;Haven;I didn't have a choice.;I didn't have a choice.;
;;Haven;"This mountain ...\!
It remembers what happened.";"This mountain ...\!
It remembers what happened.";
;;Haven;It collected all of our moments.;It collected all of our moments.;
;;Haven;I want to help you. I do.;I want to help you. I do.;
;;Haven;But I don't think you want me to.;But I don't think you want me to.;
;;;Then don't;Then don't;
;;;I need you here;I need you here;
;;Haven;... You're making this so hard for me.;... You're making this so hard for me.;
;;Haven;It hurts to see you like this.;It hurts to see you like this.;
;;Haven;"You don't.\!
Not me.";"You don't.\!
Not me.";
;;Haven;"I'm not Haven.\!
You've twisted your vision of her so much.";"I'm not Haven.\!
You've twisted your vision of her so much.";
;;Haven;The Haven you made up in your head isn't like her.;The Haven you made up in your head isn't like her.;
;;Haven;I won’t stop you.;I won’t stop you.;
;;Haven;But I have to ask.;But I have to ask.;
;;Haven;Can you \c[1]save\c[0] yourself?;Can you \c[1]save\c[0] yourself?;
;;Haven;I hope you feel safe again.;I hope you feel safe again.;
;;Haven;That's fine, let me know if you change your mind.;That's fine, let me know if you change your mind.;
;;;"She has grown so much since then,\. while I’m still
the same.";"She has grown so much since then,\. while I’m still
the same.";"Ella ha crecido tanto desde entonces,\.
pero yo sigo siendo el mismo."
;;;I haven't changed.;I haven't changed.;No he cambiado.
;;John;Are you ready for your last challenge?;Are you ready for your last challenge?;¿Estás listo para tu último desafio?
;;John;"For your third challenge, you must sacrifice
yourself.";"For your third challenge, you must sacrifice
yourself.";"Para tu tercer desafio, es necesario que te
sacrifiques a ti mismo."
;;;Sacrifice;Sacrifice;Sacrificarte
;;John;You've proven yourself.;You've proven yourself.;Has demostrado tu valor.
;;John;You have become ...;You have become ...;Te has convertido...
;;Haven;It’s time to take off that mask of yours.;It’s time to take off that mask of yours.;Es hora de quitarte esa máscara que llevas.
;;Haven;You don’t need a white sheet to see the past.;You don’t need a white sheet to see the past.;No necesitas una manta blanca para ver el pasado.
;;Haven;Look at it with your own eyes, don’t be scared.;Look at it with your own eyes, don’t be scared.;"Míralo con tus proprios ojos, no tengas
miedo."
;;Haven;"I don’t want you to interact with these moments.\.
Just take a look at them ...";"I don’t want you to interact with these moments.\.
Just take a look at them ...";"No quiero que interactues con estos recuerdos.\.
Solo... observalos..."
;;Haven;...\. And let them float.;...\. And let them float.;...\. Déjalos ser.
;;Haven;Go ahead, take a look.;Go ahead, take a look.;Adelante.
;;Haven;"I thought I recognized that song from your cheap
earbuds.";"I thought I recognized that song from your cheap
earbuds.";"Creí reconocer esa canción que estabas
esuchando en esos audífonos baratos."
;;Haven;I loved listening to their music back then.;I loved listening to their music back then.;Me encantaba escuchar su música en ese tiempo.
;;;You don't remember.;You don't remember.;No te acuerdas.
;;;"It looks like you can pull off the shadow.\!
Take it off?";"It looks like you can pull off the shadow.\!
Take it off?";"Parece que puedes remover la sombra.\!
¿Removerla?"
;;;Do you want to remember?;Do you want to remember?;¿Quieres recordar?
;;;"You try your best to remember the memory you
tried to forget.";"You try your best to remember the memory you
tried to forget.";"Te esfuerzas por recuperar aquel recuerdo
que trataste de borrar."
;;;It was a sunny evening.;It was a sunny evening.;Era una tarde soleada.
;;;"I was just listening to some music on my mom's 
MP3 player.";"I was just listening to some music on my mom's 
MP3 player.";"Estaba escuchando algunas canciones en el
reproductor MP3 de mamá"
;;;"I had discovered a new band, and I was exploring
their discography.";"I had discovered a new band, and I was exploring
their discography.";"Había descubierto una nueva banda, y estaba
explorando su discografía."
;;;"Then, I suddenly saw someone's shoes in front
of me.";"Then, I suddenly saw someone's shoes in front
of me.";"En eso, vi un par de zapatos detenerse frente
a mí."
;;Haven;What are you listening to?;What are you listening to?;¿Qué escuchas?
;;;I had never seen this girl before.;I had never seen this girl before.;Nunca la había visto antes.
;;;"She looked like she was about my age, and she
smelled nostalgic.";"She looked like she was about my age, and she
smelled nostalgic.";"Parecía tener mi edad y tenía un aroma
nostálgico."
;;Haven;"Oh! I love that band!\!
I actually saw them live a couple of weeks ago!";"Oh! I love that band!\!
I actually saw them live a couple of weeks ago!";"Oh, ¿a ti también te gusta esa banda?\!
¡Los vi tocar en vivo hace algunas semanas!"
;;Haven;"Hey, I wanted to ask if you'd be up to chat
via email?";"Hey, I wanted to ask if you'd be up to chat
via email?";"Oye, ¿te gustaría seguir hablando por 
correo electronico?"
;;Haven;I'll give you my address!;I'll give you my address!;Te doy el mío.
;;;This girl wants to message me?;This girl wants to message me?;¿Ella... quiere que conversemos por correo?
;;;It's a bench.;It's a bench.;Es un banco de madera.
;;Haven;"I think I might have caught some feelings when I
saw you on the bench ...";"I think I might have caught some feelings when I
saw you on the bench ...";"Creo que empecé a sentir algo por ti al verte
sentado solo en aquel banco."
;;Haven;I was pretty nervous when I approached you.;I was pretty nervous when I approached you.;Estaba muy nerviosa al acercarme.
;;Haven;Go on ...\! Try to remember ...;Go on ...\! Try to remember ...;Vamos...\! Intenta recordar...
;;Haven;You're almost there...;You're almost there...;Ya casi lo logras...
;;Haven;Try your best to remember.;Try your best to remember.;Esfuerzate por recordar.
;;Haven;"I’m really glad you decided to agree, I was
so nervous when I was writing that email! ";"I’m really glad you decided to agree, I was
so nervous when I was writing that email! ";"Ay, qué bueno que aceptaste. Para ser sincera,
estaba bastante nerviosa al enviar el correo."
;;Haven;I didn’t want to mess up or seem uncool ...;I didn’t want to mess up or seem uncool ...;No quería sonar como una rarita...
;;;The shadow layer is a bit harder to get off.;The shadow layer is a bit harder to get off.;La sombra es algo difícil de remover.
;;;Look at the screen?;Look at the screen?;¿Mirar a la pantalla?
;;;"The following day, I checked the computer to see
if I had gotten an email from her.";"The following day, I checked the computer to see
if I had gotten an email from her.";"Al día siguiente, revisé mi bandeja de entrada
para ver si había recibido algun correo."
;;;And sure enough, she sent one.;And sure enough, she sent one.;Y sí había uno, era el de ella.
;;;"I opened it nervously and read what she had
to say.";"I opened it nervously and read what she had
to say.";"Un poco nervioso, hice click en el correo
para leerlo."
;;Haven;"""Hey!""";"""Hey!""";"""Hola, ¿como andas?"""
;;Haven;"""I still haven’t gotten your name, so I don’t really
know what to call you... haha...""";"""I still haven’t gotten your name, so I don’t really
know what to call you ... haha ...""";"""Que pena, aún no conosco tu nombre, entonces no
sé muy bien como llamarte... jsjs"""
;;Haven;"""Anyway, it was really nice talking to you!
I didn't think anyone listened to that band!""";"""Anyway, it was really nice talking to you!
I didn't think anyone listened to that band!""";"""Me gustó mucho hablar contigo en el parque.
Creí que era la única que escuchaba a esa banda."""
;;Haven;"""I thought I heard it coming from your earbuds,
so that’s why I asked.""";"""I thought I heard it coming from your earbuds,
so that’s why I asked.""";"""Yo estaba caminando tranquila cuando creí oír
una canción conocida y me acerqué a preguntar."""
;;Haven;"""Hope you didn’t find me creepy or anything :)""";"""Hope you didn’t find me creepy or anything :)""";"""Espero no haberte incomodado mucho :')"""
;;Haven;"""I actually had something to ask you...\!
Would you maybe wanna hang out sometime??""";"""I actually had something to ask you ...\!
Would you maybe wanna hang out sometime??""";"""Sabes, quería preguntarte una cosa...\!
¿Te gustaría que nos volvamos a ver, quizá?"""
;;Haven;"""Maybe talk about our favorite music, or get
something to eat...""";"""Maybe talk about our favorite music, or get
something to eat ...""";"""Para hablar de música o pasear por ahí y
comer algo..."""
;;Haven;"""Let me know!\.
Haven”";"""Let me know!\.
Haven”";"""Bueno, ahí me escribes\.
Haven."""
;;;It's your parents' old computer.;It's your parents' old computer.;Es la vieja computadora de tus padres.
;;Haven;"I remember being pretty nervous while I was
waiting for you.";"I remember being pretty nervous while I was
waiting for you.";"Recuerdo como me temblaban las piernas de
lo nerviosa que estaba mientras te esperaba."
;;Haven;"What if you didn't show up? What if you forgot
about it?";"What if you didn't show up? What if you forgot
about it?";"¿Y si no llegabas? ¿Y si lo olvidabas?"
;;Haven;I was glad you enjoyed the snacks I brought.;I was glad you enjoyed the snacks I brought.;"Estaban riquísimos, ¿verdad?
Di la verdad, *jeje*."
;;Haven;"It was fun getting to know you a bit better, even
though there were some awkward moments!";"It was fun getting to know you a bit better, even
though there were some awkward moments!";"Fue bonito llegar a conocerte mejor, aún con esos
silencios incómodos."
;;Haven;"I personally didn’t find them awkward.\!
I was enjoying the moment.";"I personally didn’t find them awkward.\!
I was enjoying the moment.";"La verdad, casi ni me percaté de ellos.\!
Estaba más ocupada disfrutando de tu compañia."
;;;"You try your best to remember, but something is
missing ...";"You try your best to remember, but something is
missing ...";"Intentas recordar como puedes, pero algo está
faltando..."
;;;There she was, under the big tree.;There she was, under the big tree.;Ahí estaba ella, sentada al lado de un árbol.
;;;"She was looking through her bag, trying to find
something.";"She was looking through her bag, trying to find
something.";"Estaba buscando algo en su bolsa."
;;Haven;Hey! Took you long enough!;Hey! Took you long enough!;¡Hey, por fin te apareces! *jeje*
;;Haven;This is a good spot,\. right?;This is a good spot,\. right?;Es un excelente sitio,\. ¿no crees?
;;Haven;Did you see the picture I sent on the phone?;Did you see the picture I sent on the phone?;¿Lograste ver la imagen que te mande por celular?
;;;"She had sent a picture under the tree where we
had arranged to meet.";"She had sent a picture under the tree where we
had arranged to meet.";"Ella me había enviado la foto del sitio donde
nos encontraríamos."
;;;She brought some snacks for us to enjoy.;She brought some snacks for us to enjoy.;Había traído algunos bocadillos en su bolsa.
;;;"We talked about ourselves, the music we were
listening to, and had some small talk.";"We talked about ourselves, the music we were
listening to, and had some small talk.";"Hablamos largo y tendido sobre nosotros y
la música que nos gustaba escuchar."
;;;It was nice.;It was nice.;Fue bonito.
;;Haven;"Hey, I was thinking we could maybe do this again
sometime ...";"Hey, I was thinking we could maybe do this again
sometime ...";"Oye, tengo una idea. ¿Por qué no volvemos a
hacer esto algún otro día?"
;;Haven;I really enjoyed this.;I really enjoyed this.;Hoy fue increible.
;;;A second date?;A second date?;¿Una segunda cita?
;;;"Could you even call this a date? I'm not sure if
she's into me.";"Could you even call this a date? I'm not sure if
she's into me.";"No, no es eso. Ella solo quiere un amigo con
quien hablar de música."
;;;It's just two juice boxes.;It's just two juice boxes.;Son solo dos cajitas de jugo.
;;;There's a heart sketched into the tree.;There's a heart sketched into the tree.;Hay un corazón grabado en el árbol.
;;;You're reminded of the taste of apple juice.;You're reminded of the taste of apple juice.;Te hace recordar el sabor de un jugo de manzana.
;;;You try to remember a melody.;You try to remember a melody.;Intentas recordar una melodía.
;;;We started dating after a month.;We started dating after a month.;Comenzamos a salir después de un mes.
;;;On one of our dates, we got really close.;On one of our dates, we got really close.;"Con cada cita que pasaba, nos ibamos apegandonos
más y más."
;;;"She got really nervous, and said 'I think I 
love you.'";"She got really nervous, and said 'I think I 
love you.'";"Hasta que en una de ellas, se me acercó y me dijo
con voz nerviosa: 'Creo que estoy enamorada de ti.'"
;;;"I felt an unexplainable joy in my body that
whole day. ";"I felt an unexplainable joy in my body that
whole day. ";"Sentí... una enorme felicidad aquel día, una
que me cuesta describir con palabras."
;;;"It was special, unlike anything I had ever felt
before.";"It was special, unlike anything I had ever felt
before.";"Nunca había sentido nada siquiera parecido
con eso."
;;;"Sometimes, we would hang out at random spots
and listen to music together.";"Sometimes, we would hang out at random spots
and listen to music together.";"A veces, nos la pasábamos escuchando música aquí
y allá, ella con un audífono y yo con el otro."
;;;I'd share an earbud, and we would enjoy the view.;I'd share an earbud, and we would enjoy the view.;"Solos, imperturbables, ajenos a nuestra realidad...
contemplando el ocaso del día."
;;;"She had introduced me to this one artist, and I
started listening to their music all the time.";"She had introduced me to this one artist, and I
started listening to their music all the time.";"Ella me mostró uno de sus artistas favoritos, y yo,
como era obvio, comenze a escucharlo todo los días."
;;;"Every time I listened to them, I thought
about Haven.";"Every time I listened to them, I thought
about Haven.";Cada vez que lo escuchaba, pensaba en ella.
;;;How beautiful she was, how caring she could be ...;How beautiful she was, how caring she could be ...;"Pensaba en lo hermosa que era, así como
en lo amable y cariñosa que era conmigo."
;;;"She was my everything.\!
I couldn't stop thinking about her.";"She was my everything.\!
I couldn't stop thinking about her.";"Ella era mi mundo.\!
Significaba todo para mí."
;;;I was so happy.;I was so happy.;Me sentía tan feliz.
;;Haven;Hey, do you wanna try something?;Hey, do you wanna try something?;Oye, ¿quieres pobar algo?
;;;What do you mean?;What do you mean?;¿Como qué?
;;Haven;Hold on ...;Hold on ...;Dame un momentito...
;;;What's that?;What's that?;¿Qué es eso?
;;Haven;"It's a grinder.\!
It's used to grind up weed.";"It's a grinder.\!
It's used to grind up weed.";"Es un grinder. Algunos también lo llaman 'moledor'.\!
Se usa para triturar 'hierba'. Me entiendes, ¿no?"
;;Haven;"I understand if it's not your thing, but if you
wanna try it out...";"I understand if it's not your thing, but if you
wanna try it out ...";"Pero no te voy a obligarte ni nada
parecido..."
;;Haven;It's your choice!;It's your choice!;Es tu decición.
;;;"I knew Haven had been smoking for a little while,
but I had never seen her high.";"I knew Haven had been smoking for a little while,
but I had never seen her high.";"Hacía un tiempo que sabía que Haven fumaba,
pero nunca la había visto bajo los efectos."
;;;"It felt a bit strange when she first mentioned it,
I couldn't imagine her being that kind of person.";"It felt a bit strange when she first mentioned it,
I couldn't imagine her being that kind of person.";"Me sentí algo raro cuando mencionó el tema, nunca
imaginé que fuera de aquellos."
;;;I decided to try it out for the first time.;I decided to try it out for the first time.;"Aún así, decidi darle una oportunidad."
;;;It felt special.;It felt special.;Se sentía... especial, único.
;;;"All the worries I had weren't important anymore,
and I appreciated this moment we shared.";"All the worries I had weren't important anymore,
and I appreciated this moment we shared.";"Todas mis preocupaciones comenzaron a desvanecerse
en una espiral de placer."
;;;"I could feel everything at once,\. and nothing
at the same time.";"I could feel everything at once,\. and nothing
at the same time.";"Podía sentirlo todo\. y a la vez, nada."
;;;"I was so thankful to have Haven in my life now.\!
She had become a part of me.";"I was so thankful to have Haven in my life now.\!
She had become a part of me.";"Estaba tan agradecido de compartir ese momento
juntos, y más aún, de tenerla en mi vida."
;;Haven;I do miss these moments with you.;I do miss these moments with you.;Extraño mucho esos buenos momentos que pasamos.
;;Haven;They felt magical, didn’t they? ;They felt magical, didn’t they? ;Eran, en cierta forma, mágicos.
;;Haven;We were both so happy with each other ...;We were both so happy with each other ...;Éramos tan felices.
;;;It's a black jacket.;It's a black jacket.;Es una chaqueta negra.
;;Haven;"I was truly happy for a while.
You brought out something in me.";"I was truly happy for a while.
You brought out something in me.";"Por un tiempo, llegue a sentirme muy feliz contigo.
Descubrí una faceta que no conocía de mí."
;;Haven;"That childlike quality, that curiosity...\.
I don't really know what it was, but it felt new.";"That childlike quality, that curiosity ...\.
I don't really know what it was, but it felt new.";"Esa inocencia, esa... curiosidad...\.
No sé muy bien lo que era, pero se sentía diiferente."
;;Haven;"I had already told all my friends about you, and
how much I enjoyed spending my time with you!";"I had already told all my friends about you, and
how much I enjoyed spending my time with you!";"Les he contado a todos mis amigos sobre ti y lo
mucho que adoro pasar tiempo contigo."
;;Haven;I couldn’t wait for you to meet them!;I couldn’t wait for you to meet them!;¡Estoy deseosa de que los conoscas!
;;;Hang the jacket on the coat hanger?;Hang the jacket on the coat hanger?;¿Colgar la chaqueta?
;;;Hanging the jacket brings back a familiar feeling.;Hanging the jacket brings back a familiar feeling.;Esa acción te resulta familiar.
;;;"Haven invited me to join her at a party.\! She said
it's a nice opportunity to meet her friends.";"Haven invited me to join her at a party.\! She said
it's a nice opportunity to meet her friends.";"Haven me había invitado a su fiesta.\! Dijo que
era una oportunidad única de conocer a sus amigos."
;;;"I picked out a nice black suit, hoping it wasn’t
too fancy for the party.";"I picked out a nice black suit, hoping it wasn’t
too fancy for the party.";"Me puse una traje negro — esperaba que no
pareciera demasiado formal."
;;;"I'm not known for being the most outgoing person.\!
I've never been to a party before.";"I'm not known for being the most outgoing person.\!
I've never been to a party before.";"Estoy lejos de ser una persona extrovertida.\!
Y nunca he estado en una fiesta."
;;;It'll be fine, right?;It'll be fine, right?;Todo estará bien, ¿verdad?
;;;I'll try my best.;I'll try my best.;Voy a intentarlo.
;;;It won't be that bad, right?;It won't be that bad, right?;No puede ser tan malo.
;;;"Besides, we had a couple of dates now, and
they’ve all been great.";"Besides, we had a couple of dates now, and
they’ve all been great.";"Además, estoy seguro que son buenas
personas."
;;;I'm sure it'll be fine.;I'm sure it'll be fine.;Todo va a salir bien.
;;;It's a coat hanger with a jacket on it.;It's a coat hanger with a jacket on it.;Es una chaqueta colgada en un gancho.
;;;It's a stool with a drink on it.;It's a stool with a drink on it.;Es un banquito con una bebida encima.
;;;Sit on the stool?;Sit on the stool?;¿Sentarse?
;;;You try to remember something ...;You try to remember something ...;Tratas de recordar...
;;;This didn't feel right.;This didn't feel right.;Esto no va bien.
;;;"The music was so loud, I couldn't hear myself
think.";"The music was so loud, I couldn't hear myself
think.";"La música era demasiado alta, ni siquiera
podía pensar."
;;;"There were so many people I didn't know, it felt
like I was being watched.";"There were so many people I didn't know, it felt
like I was being watched.";"Estaba rodeado de extraños. Sentía como si me
estuvieran vigilando."
;;;And Haven ...;And Haven ...;Y Haven...
;;;"She kept talking with her friends.\!
Her world is so much bigger than mine.";"She kept talking with her friends.\!
Her world is so much bigger than mine.";"Ella paraba hablando con sus amigos.\!
Pertenecemos a dos mundos tan diferentes."
;;;...\. She didn't forget about me, \.right?;...\. She didn't forget about me, \.right?;...\. Ella no se ha olvidado de mí, \.¿verdad?
;;;"It's okay ...\!
She's just talking to her friends ...";"It's okay ...\!
She's just talking to her friends ...";"Vamos, no es para tanto...\!
Solo está conversando con sus amigos..."
;;;"You can't have all her attention ...\!
It's not about you ...";"You can't have all her attention ...\!
It's not about you ...";"Sería raro si solo hablara contigo...\!
Trata de entenderla..."
;;;I should go out for a smoke.;I should go out for a smoke.;Tal vez debería salir un rato a fumar.
;;;Just to help me calm down.;Just to help me calm down.;Eso me hará sentir mejor.
;;;"The air felt cold outside.\!
The cigarette did help me slow down.";"The air felt cold outside.\!
The cigarette did help me slow down.";"Hacía mucho frío afuera,\!
pero eso me ayudó a relajarme un poco."
;;;But just thinking about her ...;But just thinking about her ...;Aunque cada vez que volvía a pensar en ella...
;;;...\. Why does it slightly hurt?;...\. Why does it slightly hurt?;...\. Me sentía un poco dolido.
;;;"I shouldn't be feeling sad.\!
I still love Haven and she loves me.";"I shouldn't be feeling sad.\!
I still love Haven and she loves me.";"¿Por qué te estás sintiendo así?\!
Tú la amas y ella te ama también."
;;;Why do I feel like this?;Why do I feel like this?;¿No te basta con eso?
;;;"Nothing even happened, and yet I feel betrayed
by her.";"Nothing even happened, and yet I feel betrayed
by her.";"Ella no había hecho anda malo, y aún así, me
sentía traicionado."
;;;...\. This isn't safe.;...\. This isn't safe.;...\. No, esto no va bien.
;;;I don't feel comfortable.;I don't feel comfortable.;Me está afectando...
;;;I have to go away.;I have to go away.;Tengo que salir de aquí.
;;;This isn't good.;This isn't good.;No está bien, no está bien...
;;;Why am I thinking like this?;Why am I thinking like this?;¿Por qué tengo estos pensamientos?
;;;Why am I running away?;Why am I running away?;¿Por qué estoy huyendo?
;;;"I need to calm down again.\!
I'll just sit here for a while.";"I need to calm down again.\!
I'll just sit here for a while.";"Primero calmate,\! ahora sientate y trata
de respirar profundamente."
;;;"It's ...\. okay ... \!
It'll be ...\. okay ...";"It's ...\. okay ... \!
It'll be ...\. okay ...";"Respira...\. respira...\!
Todo...\. estará bien..."
;;;I shouldn't be freaking out ...;I shouldn't be freaking out ...;No tienes por qué ponerte así...
;;;Why does this hurt so much ...;Why does this hurt so much ...;Pero es que duele tanto...
;;;"Just ...\. calm ..\.. down ...\!
Please ...";"Just ...\. calm ...\. down ...\!
Please ...";"Tranquilízate...\. por favor...\!
Por favor..."
;;;CALM ...\. DOWN ...;CALM ...\. DOWN ...;¡TE LO ESTOY PIDIENDO...!
;;;STOP IT ...;STOP IT ...;¡POR FAVOR...!
;;;I CAN'T THINK ...;I CAN'T THINK ...;NO PUEDO PENSAR...
;;;I CAN'T\^;I CAN'T\^;NO PUEDO\^
;;;I see someone in front of me.;I see someone in front of me.;Vi a alguien parado frente a mí.
;;;I catch my breath, and slowly look up.;I catch my breath, and slowly look up.;Todavía jadeando, trato de ver de quién se trata.
;;Haven;Are you okay?;Are you okay?;¿Estás bien?
;;;I'm fine.;I'm fine.;Sí, está todo bien.
;;;I just needed some fresh air.;I just needed some fresh air.;Solo... necesitaba un poco de aire fresco.
;;Haven;Are you sure?;Are you sure?;¿Solo eso? ¿Estás seguro?
;;Haven;"I'll be back inside.\!
You should come too.";"I'll be back inside.\!
You should come too.";"Voy a volver adentro.\!
¿Por qué no me acompañas?"
;;;I'll be there in a second.;I'll be there in a second.;Sí, voy en un momento.
;;;She doesn't care about me.;She doesn't care about me.;No le importo.
;;;She would have stayed here if she did.;She would have stayed here if she did.;"Ella se hubiera quedado aquí si lo
hiciera."
;;;I should leave.;I should leave.;Es mejor que me vaya.
;;;I can try to break the shadow with this rock ...;I can try to break the shadow with this rock ...;Puedo tratar de quebrar la sombra con esta piedra...
;;;Break;Break;Quebrar
;;;You throw away the rock.;You throw away the rock.;Tiras la piedra.
;;;The shadow is too hard to remove.;The shadow is too hard to remove.;La sombra es demasiado difícil de quitar.
;;Haven;Why did you leave the party?;Why did you leave the party?;¿Por qué te fuiste?
;;Haven;I was so worried about you ...;I was so worried about you ...;Me dejaste tan preocupada...
;;;I say nothing.;I say nothing.;Me quedo callado.
;;;She doesn't deserve to hear anything from me.;She doesn't deserve to hear anything from me.;No merece siquiera que le dirija la palabra.
;;;I was expecting her to say she's sorry.;I was expecting her to say she's sorry.;No sin antes disculparse conmigo.
;;;... But she had no reason to apologize.;... But she had no reason to apologize.;... Pero no tiene por qué hacerlo.
;;;It's not her fault.;It's not her fault.;No fue su culpa.
;;;Why did I act like that?;Why did I act like that?;¿Por qué me estoy portando así con ella?
;;;"If I say something, she’ll probably think I’m
being dramatic.";"If I say something, she’ll probably think I’m
being dramatic.";"Si digo algo, probablemente piense que estoy
exagerando."
;;;"She’ll forget about it soon enough, and things
will go back to normal.";"She’ll forget about it soon enough, and things
will go back to normal.";"Tal vez no es para tanto. Dentro de poco ella
lo olvidará y todo volverá a la normalidad."
;;;Except things never went back to normal.;Except things never went back to normal.;"O al menos, eso es lo que me hubiera gustado
que pasara."
;;;It's a bed.;It's a bed.;Es una cama.
;;;"You can barely make out a lighter on the table.\.
Grab the lighter?";"You can barely make out a lighter on the table.\.
Grab the lighter?";"Logras distinguir un encendedor en la cama.\.
¿Agarrarlo?"
;;;"You think about how many times you've lit a lighter
in your life.";"You think about how many times you've lit a lighter
in your life.";"Te pones a pensar en todas veces que lo usaste para
encender un cigarrillo."
;;;How many times you'd smoke alone.;How many times you'd smoke alone.;En todas y cada una de ellas.
;;;"We stopped getting in touch with each other
after a few weeks. ";"We stopped getting in touch with each other
after a few weeks. ";Paramos de hablarnos luego de algunas semanas.
;;;"I can’t forget that last message she sent.\!
""I hope you’ll be doing okay""";"I can’t forget that last message she sent.\!
""I hope you’ll be doing okay""";"Nunca olvidaré su último mensaje.\!
""Espero que te esté yendo bien."""
;;;"For weeks, I was wondering if she was going to
send something, but that never happened.";"For weeks, I was wondering if she was going to
send something, but that never happened.";"Pasé semanas esperando que mandara algún otro
mensaje... nunca lo hizo."
;;;"I didn’t respond to her.\. I was too scared.\!
She was probably mad at me.";"I didn’t respond to her.\. I was too scared.\!
She was probably mad at me.";"Yo tenía tanto miedo...\. de contestarle.\!
Seguro que estaba enfadada conmigo."
;;;"I'd smoke every day just so I wouldn't have to
think about her.";"I'd smoke every day just so I wouldn't have to
think about her.";"Fumaba todos los días para tratar de sacarla
de mi cabeza."
;;;"Because everytime I would, I'd get sad, confused,
and mad.";"Because everytime I would, I'd get sad, confused,
and mad.";"Porque cada vez que pensaba en ella, me sentía
lleno de angustia y frustrado."
;;;These emotions would take control of me.;These emotions would take control of me.;Dejé que mis emociones me controlaran.
;;;"I knew what I was doing wasn't right, but it 
didn't feel fair.";"I knew what I was doing wasn't right, but it 
didn't feel fair.";"Sabía que lo que hacía no estaba bien, pero
me negaba a aceptarlo. No era justo."
;;;It became an addiction, fueling my distraction.;It became an addiction, fueling my distraction.;Pronto se volvio una obsesión.
;;;I started having trouble sleeping.;I started having trouble sleeping.;"Su recuerdo empezó a perseguirme incluso
en los sueños."
;;;"She'd appear in my dreams, and it felt like all
my progress was gone.";"She'd appear in my dreams, and it felt like all
my progress was gone.";"Y todo el esfuerzo que había hecho para tratar
de olvidarla se volvía inútil."
;;;I just wanted to stop thinking about her.;I just wanted to stop thinking about her.;Era incapaz de borrarla de mi mente.
;;;What does she even mean to me?;What does she even mean to me?;¿Qué era ella para mí?
;;;"She felt safe.\!
She felt warm.";"She felt safe.\!
She felt warm.";"Ella era tranquilidad.\!
Era calidez."
;;;"She was optimistic.\!
She was herself.";"She was optimistic.\!
She was herself.";"Era tan entusiasta.\!
Era ella misma."
;;;Just being around her was enough for me.;Just being around her was enough for me.;Tan solo estar a su lado era suficiente para mí.
;;;"Even though this relationship probably didn’t mean
much to her.";"Even though this relationship probably didn’t mean
much to her.";"Incluso aunque nuestra relación no sifnificase
mucho para ella."
;;;What was I to her?;What was I to her?;¿Qué era yo para ella?
;;;I wouldn't know.;I wouldn't know.;No lo sé.
;;;"I don't understand why she even spoke to me in
the first place.";"I don't understand why she even spoke to me in
the first place.";"Ni siquiera sé por qué se acerco a hablarme
aquella vez."
;;;"Maybe it didn't matter who it was, she was just
lonely.";"Maybe it didn't matter who it was, she was just
lonely.";"Tal vez quería hablar con alguien para no
sentirse tan sola en ese momento."
;;;And that loneliness cut through me.;And that loneliness cut through me.;"Y ahora que no está, empiezo a sentir
esa misma soledad."
;;;"It left me with a scar that would never
completely heal.";"It left me with a scar that would never
completely heal.";"Desearía que estubiera aquí conmigo."
;;;"I wish she was someone who would always be
there for me.";"I wish she was someone who would always be
there for me.";Ella era mi mundo...
;;;A safe haven.;A safe haven.;¿Qué será de mí ahora?
;;;There's a lighter on the table.;There's a lighter on the table.;Hay un encendedor en la mesa.
;;;I don't need it.;I don't need it.;No lo necesito.
;;Haven;"Do you remember that time we climbed a
mountain?";"Do you remember that time we climbed a
mountain?";"¿Recuerdas la última vez que escalamos
una montaña?"
;;Haven;"It was my idea for a date, since I loved
climbing as a child.";"It was my idea for a date, since I loved
climbing as a child.";"Fue idea mía, claro. Es algo que hacía
desde pequeña, y me encantaba."
;;Haven;It took us the whole day, but the view was great.;It took us the whole day, but the view was great.;"Nos tomó todo el día, pero contemplar
aquella vista... valió todo el esfuerzo."
;;Haven;We placed a flag on the top, to show we made it.;We placed a flag on the top, to show we made it.;"Pusimos una bandera en la cima, para
mostrar al mundo nuestra hazaña."
;;Haven;It was beautiful,\. wasn’t it?;It was beautiful,\. wasn’t it?;Fue tan hermoso,\. ¿no lo crees?
;;Haven;I still don’t get why you couldn’t let go.;I still don’t get why you couldn’t let go.;"Aún no entiendo por qué es que te
aferraste tanto."
;;Haven;You didn’t have much in your life.;You didn’t have much in your life.;Tu vida se sentía algo vacía.
;;Haven;I do miss you.;I do miss you.;Aún te extraño. Deberías saberlo.
;;Haven;You were important to me too.;You were important to me too.;Fuiste alguien muy importante para mí.
;;Haven;"You should have sent a message.\|
I know you wanted to talk about it.";"You should have sent a message.\|
I know you wanted to talk about it.";"Debiste haber respondido mi mensaje.\|
Sé que dentro de ti querías decirme algo."
;;Haven;And yet, you never sent anything.;And yet, you never sent anything.;Pero nunca te animaste a hacerlo.
;;Haven;"I was going to send something, but I thought you
needed space.";"I was going to send something, but I thought you
needed space.";"Por un momento, quise tomar la iniciativa, pero
recapacité y decidí darte tu espacio."
;;Haven;"You probably needed some time after what
happened at the party.";"You probably needed some time after what
happened at the party.";"Pensé que necesitabas darte un tiempo
después de lo que ocurrió en la fiesta."
;;Haven;You’ve been breaking yourself.;You’ve been breaking yourself.;Te has estado amargando la vida.
;;Haven;You’re unstable.;You’re unstable.;Eres muy inestable.
;;;I want to move on;I want to move on;Quiero superarlo
;;;I don’t miss you ;I don’t miss you ;No te extraño
;;;I do want to move on.;I do want to move on.;"Quiero superarlo, seguir adelante...
no quedarme estancado en el pasado."
;;;I truly do.;I truly do.;En verdad quiero.
;;;I've tried so hard to just get you out of my mind.;I've tried so hard to just get you out of my mind.;Traté como pude de borrarte de mi mente.
;;;I can't have a day where I don't miss you.;I can't have a day where I don't miss you.;Pero no pasa un día sin que sienta falta de ti.
;;;"I'd look back on old photos, songs we used to
listen to together.";"I'd look back on old photos, songs we used to
listen to together.";"Cada vez que me encuentro viendo nuestras
viejas fotos..."
;;;"And I know that we can't make any more of these
memories.";"And I know that we can't make any more of these
memories.";"O escuchando las canciones que tanto nos
gustaban..."
;;;It just makes me so sad.;It just makes me so sad.;"Empiezo a sentir... un apretón en el corazón...
al saber que esos momentos ya no volverán."
;;;I miss you, Haven.;I miss you, Haven.;Te extraño Haven. Te extraño mucho.
;;;I don't think I was ready for a relationship.;I don't think I was ready for a relationship.;"No estaba listo para tener una relación
de pareja."
;;;"I'm unstable.\|
That's just how I am.";"I'm unstable.\|
That's just how I am.";"Soy inestable.\|
Así soy yo."
;;;"I hoped that after years, I'd finally move on.\!
It just feels impossible.";"I hoped that after years, I'd finally move on.\!
It just feels impossible.";"Quisiera poder decirte que depués de tantos años\!
por fin dejé de aferrarme a tu recuerdo..."
;;;"I'm obsessed.\!
You've planted yourself into my brain.";"I'm obsessed.\!
You've planted yourself into my brain.";"Pero no puedo...\! No puedo
sacarte de mi mente... es como una obsesión."
;;;...\. No, I have.;...\. No, I have.;...\. Lo he intentado tantas veces.
;;;"I told myself that if I let go, it would mean
none of it mattered.";"I told myself that if I let go, it would mean
none of it mattered.";"Pero no podía dejar de sentir que, si lo hacía,
entonces todo lo que vivimos habría sido en vano."
;;;That you didn’t matter.;That you didn’t matter.;Y una parte de mí aún cree que no lo fue.
;;;But moving on doesn’t mean forgetting.;But moving on doesn’t mean forgetting.;Pero superar a alguien no significa olvidar...
;;;It means letting go.;It means letting go.;"Significa hacer las paces con su recuerdo y
seguir adelante."
;;;You’ll always be a part of me, Haven.;You’ll always be a part of me, Haven.;"Siempre tendrás un lugar especial en mi
corazón, Haven."
;;;But I can’t let you be all of me.;But I can’t let you be all of me.;"Pero no puedo dejar que te adueñes completamente
de él."
;;;"My chest starts to feel lighter.\!
It's like a weight has been removed.";"My chest starts to feel lighter.\!
It's like a weight has been removed.";"Siento el pecho más ligero, descontraído...\!
como si me hubiesen quitado un gran peso de encima."
;;;I don't miss you.;I don't miss you.;No te extraño.
;;;I just can’t keep living like this.;I just can’t keep living like this.;No puedo seguir viviendo así.
;;;"Thinking about you every day,\. looking through
old messages,\. thinking about the past.";"Thinking about you every day,\. looking through
old messages,\. thinking about the past.";"Pienso en ti cada día,\. reviso nuestros viejos
mensajes,\. te veo en mis sueños..."
;;;I keep telling myself that I just need time.;I keep telling myself that I just need time.;"Vez trás vez me he dicho que solo necesito
un poco más de tiempo para superarte."
;;;"But it's been years now.\!
You're still here.";"But it's been years now.\!
You're still here.";"Pero ya han pasado AÑOS...\!
Y sigues en mi mente, inamovible."
;;;Why did you do this to me?;Why did you do this to me?;"¿Hasta cuando seguire atado a ti?
¿Por qué me haces esto?"
;;;I had a terrible life before I met you.;I had a terrible life before I met you.;Mi vida era horrible antes de conocerte.
;;;"And you had the audacity to give me hope, before
making it even worse.";"And you had the audacity to give me hope, before
making it even worse.";"Y de pronto llegaste... y me diste esperanza...\!
solo para arrebatármela y hundirme aún más."
;;;"You acted like you cared.\!
Like you understood me.";"You acted like you cared.\!
Like you understood me.";"Fingiste que yo te importaba...\!
que me entendías."
;;;I don't think you actually did.;I don't think you actually did.;Solo me usaste.
;;;You used me.;You used me.;Y lo peor es que yo te dejé hacerlo.
;;;I hate this feeling.;I hate this feeling.;Odio este sentimiento, lo aborrezco.
;;;"This emptiness inside of me.\!
I can feel it as if its actually there.";"This emptiness inside of me.\!
I can feel it as if its actually there.";"Es como si una parte de mí hubiese muerto aquel
día y todavía cargara con su peso."
;;;"I just want to feel something else than this.\.
Anything else.";"I just want to feel something else than this.\.
Anything else.";"Al principio podía aguantarlo, cargar con él,
pero ahora ya estoy exhausto."
;;;You ruined me, Haven.;You ruined me, Haven.;"Tú eres la razón de que esté así ahora.
Me has arruinado la vida."
;;;You left a scar on me that never heals.;You left a scar on me that never heals.;Y no sé cómo salir de esto.
;;;Maybe I should have never met you.;Maybe I should have never met you.;"Desearía no haberte conocido.
Así no tendría todos estos dolorosos recuerdos."
;;;"I wouldn't have all these memories with you, but
maybe that's for the best.";"I wouldn't have all these memories with you, but
maybe that's for the best.";"O tal vez sí... no lo sé con certeza.\.
Dicen que todo pasa por una razón."
;;Haven;Why do you put yourself through this?;Why do you put yourself through this?;¿Por qué te obligaste a pasar por todo esto?
;;Haven;"I did love you.\!
I cared so much about you.";"I did love you.\!
I cared so much about you.";"¿Es que no lo ves? Yo te amaba.\!
No sabes cuánto me importabas."
;;Haven;How can you break our trust like that?;How can you break our trust like that?;¿Por qué no pudiste confiar en mí?
;;Haven;I didn’t want to leave you like this.;I didn’t want to leave you like this.;
;;Haven;"But you’re hurting yourself more than I actually
did.";"But you’re hurting yourself more than I actually
did.";
;;Haven;Don’t you think it’s time to stop blaming me?;Don’t you think it’s time to stop blaming me?;
;;Haven;Or maybe,\. it’s time you stop blaming yourself, too.;Or maybe,\. it’s time you stop blaming yourself, too.;
;;;I don't miss you;I don't miss you;
;;;I feel the ground begin to shake.;I feel the ground begin to shake.;
;;;"It’s subtle, but something deep beneath me is
moving.";"It’s subtle, but something deep beneath me is
moving.";
;;;My legs feel weak.;My legs feel weak.;
;;;"The ground is shattering.\!
I feel it all breaking.";"The ground is shattering.\!
I feel it all breaking.";
;;;...\. It feels right.;...\. It feels right.;
;;;She’s still looking at me.;She’s still looking at me.;
;;;Like she knows what's about to happen.;Like she knows what's about to happen.;
;;;Like she’s already said goodbye.;Like she’s already said goodbye.;
;;;Is this what I deserve?;Is this what I deserve?;
;;;Everything around me is breaking.;Everything around me is breaking.;
;;;Is it my fault?;Is it my fault?;
;;;Was I ever supposed to be held responsible?;Was I ever supposed to be held responsible?;
;;Haven;You should leave.;You should leave.;
;;;Haven would take a lot of pictures.;Haven would take a lot of pictures.;Haven solía tomar un montón de fotos.
;;;"Usually I didn't like being photographed, but
I tried my best for her.";"Usually I didn't like being photographed, but
I tried my best for her.";"No me gustaba mucho salir en ellas, pero
hacía un esfuerzo para verla feliz."
;;;"These pictures are something I could never forget
about.";"These pictures are something I could never forget
about.";"Estas fotos son un bonito recuerdo que jamás
olvidaré."
;;;It reminds me of what Haven and I used to have.;It reminds me of what Haven and I used to have.;Un recuerdo de quienes solíamos ser.
;;;"Even though we'll probably never see each other
again, I can't lose these memories.";"Even though we'll probably never see each other
again, I can't lose these memories.";"Puede que nunca más nos volvamos a ver, aún así,
no quiero olvidarlas."
;;;I had studied every day leading up to the test.;I had studied every day leading up to the test.;"Había estado estudiando todos los días antes
del examen."
;;;And I couldn't remember any of it.;And I couldn't remember any of it.;Y aun así no pude acordarme de nada.
;;;"The pages were filled with unreadable gibberish.\.
I tried rubbing them out, but they stayed.";"The pages were filled with unreadable gibberish.\.
I tried rubbing them out, but they stayed.";"Las páginas estaban llenas de garabatos ilegibles.\.
Traté de hallarles algún sentido, descifrarlos..."
;;;They wouldn't leave me alone.;They wouldn't leave me alone.;Nada funcionó.
;;;"I spent the whole hour silently paralyzed.
Unable to move.";"I spent the whole hour silently paralyzed.
Unable to move.";"Estuve una hora sentado frente al examen,
completamente paralizado."
;;;I had a hard time remembering anything.;I had a hard time remembering anything.;No conseguía recordar nada.
;;;It didn't feel fair.;It didn't feel fair.;No era justo.
;;;You remember.;You remember.;Aún lo recuerdas.
;;;The excitement of seeing that email.;The excitement of seeing that email.;La emoción que sentiste al ver su correo.
;;;The party ...;The party ...;
;;;"Alcohol.\.
I never liked the stuff.";"Alcohol.\.
I never liked the stuff.";"Alcohol.\.
Nunca me gustó esa palabra.";
;;;I'm not looking for them.;I'm not looking for them.;
;;;The bird doesn't see you.;The bird doesn't see you.;El pájaro no te devuelve la mirada.
;;;Jump in?;Jump in?;¿Saltar?
;;;You're getting it now.;You're getting it now.;Ahora lo entiendes.
;;;That doesn't mean this is over.;That doesn't mean this is over.;Pero eso no significa que esto ha terminado.
;;;All of these moments from the past ...;All of these moments from the past ...;Todos eses recuerdos...
;;;They showed you something you're afraid of.;They showed you something you're afraid of.;Te mostraron lo que realmente te asusta.
;;;Something you've had all your life.;Something you've had all your life.;Algo que ha estado presente en toda tu vida.
;;;Good.;Good.;Bien.
;;;I don’t think this sheet was made for swimming ...;I don’t think this sheet was made for swimming ...;
;;;After everything, you're still here.;After everything, you're still here.;
;;;"You’ve wandered through everything you tried
to forget.";"You’ve wandered through everything you tried
to forget.";
;;;You didn’t run from them this time.;You didn’t run from them this time.;
;;;Even when it hurt,\. even when it scared you ...;Even when it hurt,\. even when it scared you ...;
;;;... You stayed.;... You stayed.;
;;;This place was made from your fear ...;This place was made from your fear ...;
;;;...\. But also your hope.;...\. But also your hope.;
;;;Not everyone makes it this far, you know.;Not everyone makes it this far, you know.;
;;;"Most people get lost.\!
They run away.";"Most people get lost.\!
They run away.";
;;;It's a miracle that you chose to listen.;It's a miracle that you chose to listen.;
;;;"You won’t forget what you’ve seen here.\|
He will.";"You won’t forget what you’ve seen here.\|
He will.";
;;;"Even if he might not change, at least we know you
did.";"Even if he might not change, at least we know you
did.";
;;;You did the best you could.;You did the best you could.;
;;;At the bottom of everything, you remain.;At the bottom of everything, you remain.;
;;;"Climb out of the hole you entered from, and open
the door.";"Climb out of the hole you entered from, and open
the door.";
;;;Thank you, vessel.;Thank you, vessel.;
;;;You've made it through.;You've made it through.;
;;;You didn't stop.;You didn't stop.;
;;;You faced parts of the past, piece by piece.;You faced parts of the past, piece by piece.;
;;;"You didn't learn to accept everything, but that's
okay.";"You didn't learn to accept everything, but that's
okay.";
;;;Many people give up before they reach the end.;Many people give up before they reach the end.;
;;;You almost did, but you chose to keep going.;You almost did, but you chose to keep going.;
;;;"Even if he might not change, we hope what you did
was enough.";"Even if he might not change, we hope what you did
was enough.";
;;;You feel like a better person.;You feel like a better person.;
;;;You’ve changed more than you realize.;You’ve changed more than you realize.;
;;;"Maybe not completely, but the weight isn't as
heavy as before.";"Maybe not completely, but the weight isn't as
heavy as before.";
;;;"Even if he might not change, we know you did your
best.";"Even if he might not change, we know you did your
best.";
;;;Good luck, vessel.;Good luck, vessel.;
;;;Do you want to climb the rope?;Do you want to climb the rope?;
;;;"It's a stone etched with a drawing of a man
smoking.";"It's a stone etched with a drawing of a man
smoking.";"La piedra tiene tallado el dibujo de un
hombre fumando."
;;;It's a stone etched with a drawing of a lighter.;It's a stone etched with a drawing of a lighter.;"La piedra tiene tallado el dibujo de un
encendedor."
;;;It's a stone etched with a drawing of a joint.;It's a stone etched with a drawing of a joint.;"La piedra tiene tallado el dibujo de un
cigarrillo."
;;;We tried picking out the most important memories.;We tried picking out the most important memories.;"Fuimos muy cuidadosos en la selección de
recuerdos."
;;;The ones that made him.;The ones that made him.;Sobre todo aquellos que realmente lo definieron.
;;;"But those weren't enough to make this world, so
we had to improvise.";"But those weren't enough to make this world, so
we had to improvise.";"Pero no fue suficiente, así que tuvimos que
improvisar."
;;;A campfire that once burned.;A campfire that once burned.;Una fogata ya extinguida.
;;;Light it;Light it;Encender
;;;You feel a warmth you thought was gone.;You feel a warmth you thought was gone.;"Vuelves a sentir la calidez de sus flamas.
No estaban extintas, apenas dormidas."
;;;I hope you can help him reignite his fire.;I hope you can help him reignite his fire.;"Espero que puedas ayudarlo a reavivar
las llamas de vivir."
;;;"He’s still doing it, you know.\!
The substances he depends on to keep living.";"He’s still doing it, you know.\!
The substances he depends on to keep living.";"Aún se aferra a esas sustancias...\! Espera que
lo ayudan a cargar con el peso de vivir."
;;;His soul,\. that fire has faded out.;His soul,\. that fire has faded out.;"Aquel fuego que había en su interior...\.
se ha ido muriendo."
;;;He’s been rotting away in the safety of his room.;He’s been rotting away in the safety of his room.;"Ha estado encerrado en su habitación todo este
tiempo... apagandose más y más."
;;;...\. I hope you can help him reignite his fire.;...\. I hope you can help him reignite his fire.;"...\. Espero sinceramente que puedas ayudarlo
a reavivar las llamas de vivir."
;;;It's my lighter.;It's my lighter.;Es mi encendedor.
;;;The door won't open.;The door won't open.;No se abre.
;;;A closet is blocking the door.;A closet is blocking the door.;Un armario está bloqueando la puerta.
;;;A dead plant.;A dead plant.;Una planta seca.
;;;A painting.;A painting.;Una pintura.
;;;A fancy chair.;A fancy chair.;Una silla elegante.
;;;An old lamp,\. not sure if it still works. ;An old lamp,\. not sure if it still works. ;
;;;The lamp doesn't work, even with the power on.;The lamp doesn't work, even with the power on.;
;;;We meet again.;We meet again.;
;;;This place sure is strange.;This place sure is strange.;
;;;"It could be worth exploring this area,\. maybe you
could find something.";"It could be worth exploring this area,\. maybe you
could find something.";
;;;"The door won't open.
Something's blocking it from the other side.";"The door won't open.
Something's blocking it from the other side.";
;;;A mop.;A mop.;
;;;A paint bucket.;A paint bucket.;
;;;"A big closet.\!
It won't open.";"A big closet.\!
It won't open.";
;;;A coat rack.;A coat rack.;
;;;You pressed the button.;You pressed the button.;
;;;It's some sort of electricity box.;It's some sort of electricity box.;
;;;When was the last time you felt safe?;When was the last time you felt safe?;
;;;It must have been a while ago.;It must have been a while ago.;
;;;Funny how you could never feel safe by yourself.;Funny how you could never feel safe by yourself.;
;;;Maybe,\. just once more,\. you can feel at ease here.;Maybe,\. just once more,\. you can feel at ease here.;
;;;Someone's been waiting here for a while.;Someone's been waiting here for a while.;
;;;"I hope you can forget about the past for a second,
and just appreciate this moment.";"I hope you can forget about the past for a second,
and just appreciate this moment.";
;;Haven;Take care of yourself, alright?;Take care of yourself, alright?;
;;Haven;And don’t forget to smile once in a while.;And don’t forget to smile once in a while.;
;;;A small nightstand.;A small nightstand.;
;;;"It's a rolling tray.\!
There's papers, tips, and a grinder.";"It's a rolling tray.\!
There's papers, tips, and a grinder.";
;;;A closet.;A closet.;
;;;"A closet.\.
Open it?";"A closet.\.
Open it?";
;;;You take the flag out the closet.;You take the flag out the closet.;
;;;There's a piece of paper in the sand.;There's a piece of paper in the sand.;Hay una hoja de papel en la arena.
;;;It's a broken bike.;It's a broken bike.;Es una bici -------------------------------------------.
;;;It's a bin.;It's a bin.;Es un cesto de basura.
;;;"It's a bin.\!
There's a piece of paper in here.";"It's a bin.\!
There's a piece of paper in here.";"Es un cesto de basura.\!
Hay una hoja de papel dentro."
;;;It's a drinking fountain.;It's a drinking fountain.;
;;;It's a plastic bucket.;It's a plastic bucket.;
;;;A dirty teddy bear.;A dirty teddy bear.;
;;;There's a backpack under the bench.;There's a backpack under the bench.;Hay una mochila bajo el banco.
;;;Hey, I thought you were going to help me?;Hey, I thought you were going to help me?;Oye, pensé que ibas a ayudarme.
;;;Excuse me, have you seen my parents?;Excuse me, have you seen my parents?;Disculpa, ¿habras visto a mis padres?
;;;I think I've lost them somewhere here ...;I think I've lost them somewhere here ...;No logro encontrarlos...
;;;I’ll help you find them;I’ll help you find them;Te ayudo a buscar
;;;Where could they be?;Where could they be?;¿Dónde podrán estar?
;;;Oh, thank you.;Oh, thank you.;Oh, te agradezco.
;;;"I was a bit scared ...\.
What if I couldn't find them?";"I was a bit scared ...\.
What if I couldn't find them?";"Estaba muy asustado porque no podía encontrarlos
por ningún lugar."
;;;But I guess I feel safer now.;But I guess I feel safer now.;"Pero ahora creo que me siento un poco
más tranquilo."
;;;I don’t know ...;I don’t know ...;No lo sé...
;;;They were just here a moment ago.;They were just here a moment ago.;Estaban justo aquí hace un momento.
;;;Could you maybe help me look for them?;Could you maybe help me look for them?;¿Podrías ayudarme a buscarlos?
;;;Okay;Okay;Okay
;;;Oh! That’s our TV!;Oh! That’s our TV!;Oye, ¡esa es nuestra tele!.
;;;Why would they throw this out?;Why would they throw this out?;¿Por qué la abandonarón aquí?
;;;It's dad's TV.;It's dad's TV.;Es la tele de papá.
;;;What's this doing here?;What's this doing here?;¿Qué hace esto aquí?
;;;Mom didn’t use her computer much.;Mom didn’t use her computer much.;Mamá no usaba mucho su computadora.
;;;I used it more than she did ...;I used it more than she did ...;Por lo general, yo era el que la usaba más...
;;;Oh! It's my shark!;Oh! It's my shark!;¡Mira, es mi tiburón!
;;;"I thought he was gone ...\!
... Why did they throw him away?";"I thought he was gone ...\!
... Why did they throw him away?";"Pensé que lo había perdido...\!
... ¿Por qué lo habrán tirado?"
;;;"It's a poem.
Read it?";"It's a poem.
Read it?";"Es un poema.
¿Leerlo?"
;;;"The weak breeze whispers nothing
The water screams sublime";"The weak breeze whispers nothing
The water screams sublime";"La abatida brisa susurra afónica
Las aguas rugen con frenesí"
;;;"His feet shift, teeter-totter
Deep breath, stand back, it’s time";"His feet shift, teeter-totter
Deep breath, stand back, it’s time";"Sus pies trémulos, nerviosos
Respira fondo, se prepara... la hora es"
;;;"Toes untouch the overpass
Soon he’s water bound";"Toes untouch the overpass
Soon he’s water bound";
;;;"Eyes locked shut but peek to see
The view from halfway down";"Eyes locked shut but peek to see
The view from halfway down";
;;;It's not like you had a choice.;It's not like you had a choice.;
;;;You need these items.;You need these items.;
;;;My mom's bed?;My mom's bed?;
;;;"I always wanted to jump on it, it was so big
and bouncy.";"I always wanted to jump on it, it was so big
and bouncy.";
;;;I don't understand, doesn't she still need this?;I don't understand, doesn't she still need this?;
;;;It's mom's bed.;It's mom's bed.;
;;;Our dinner table?;Our dinner table?;
;;;I don't understand ...;I don't understand ...;
;;;It's the dinner table.;It's the dinner table.;
;;;It’s really empty ...;It’s really empty ...;
;;;Mom?\| Dad?;Mom?\| Dad?;
;;;...\. They’re not here.;...\. They’re not here.;
;;;Why would they leave without saying anything?;Why would they leave without saying anything?;
;;;Did I do something wrong?;Did I do something wrong?;
;;;...\. Is this all I have left of them?;...\. Is this all I have left of them?;
;;;They're not coming back;They're not coming back;
;;;...\. Why?;...\. Why?;
;;;Why would they leave me like this?;Why would they leave me like this?;
;;;It's not fair ...;It's not fair ...;
;;;I really thought they’d be here.;I really thought they’d be here.;
;;;Maybe they’ll come back if I wait long enough.;Maybe they’ll come back if I wait long enough.;
;;;...\. You're taking it?;...\. You're taking it?;
;;;But ...\| this is all I have left ...;But ...\| this is all I have left ...;
;;;I guess you need it more than I do.;I guess you need it more than I do.;
;;;I just don't want to forget them.;I just don't want to forget them.;
;;;They're important.;They're important.;
;;;Just ...\| don’t forget them too.;Just ...\| don’t forget them too.;
;;;That was the last thing I had of them.;That was the last thing I had of them.;
;;;What if they never return?;What if they never return?;
;;;I could never say I'm sorry to them ...;I could never say I'm sorry to them ...;
;;;I never appreciated her enough ...;I never appreciated her enough ...;
;;;Why’d you have to take it too?;Why’d you have to take it too?;
;;;Wasn’t it enough that they left?;Wasn’t it enough that they left?;
;;;Now it’s just me again.;Now it’s just me again.;
;;;Selene?;Selene?;
;;;What are you doing out here?;What are you doing out here?;
;;;You’re not supposed to be ...;You’re not supposed to be ...;
;;;I didn’t think I’d see you again.;I didn’t think I’d see you again.;
;;;You never got to do this, did you?;You never got to do this, did you?;
;;;"Just sit out in the world.\!
At least not with me.";"Just sit out in the world.\!
At least not with me.";
;;;I've always wanted to hang out with you outside.;I've always wanted to hang out with you outside.;
;;;"I wanted you to be there when I was drawing
in the park.";"I wanted you to be there when I was drawing
in the park.";
;;;I wanted to play with you in the grass.;I wanted to play with you in the grass.;
;;;"... and I didn't want dad doing anything to you
while I was gone.";"... and I didn't want dad doing anything to you
while I was gone.";
;;;I was supposed to keep you safe.;I was supposed to keep you safe.;
;;;I was so selfish.;I was so selfish.;
;;;"You deserved more than a scared little boy
trying to feel less alone.";"You deserved more than a scared little boy
trying to feel less alone.";
;;;You didn’t deserve any of it.;You didn’t deserve any of it.;
;;;Well, I guess we're finally doing it.;Well, I guess we're finally doing it.;
;;;"We're hanging out.\!
Looking at the stars.";"We're hanging out.\!
Looking at the stars.";
;;;They're beautiful, aren't they Selene?;They're beautiful, aren't they Selene?;
;;;I think ...;I think ...;
;;;I think you were the first thing I really loved.;I think you were the first thing I really loved.;
;;;"I cared about you.\!
And I messed that up too.";"I cared about you.\!
And I messed that up too.";
;;;"I should’ve listened ...\!
I didn't think anything could go wrong ...";"I should’ve listened ...\!
I didn't think anything could go wrong ...";
;;;"And then you were gone.\.
Just like that.";"And then you were gone.\.
Just like that.";
;;;"But you’re here now.\!
Even if it’s just for a little while.";"But you’re here now.\!
Even if it’s just for a little while.";
;;;I think that’s enough.;I think that’s enough.;
;;;I’ll be okay.;I’ll be okay.;
;;;...\| No.;...\| No.;
;;;Not her.;Not her.;
;;;I can't ...;I can't ...;
;;;I don’t want to see her.;I don’t want to see her.;
;;;She doesn’t deserve this.;She doesn’t deserve this.;
;;;I was supposed to protect her.;I was supposed to protect her.;
;;;I just wanted to show her the park ...;I just wanted to show her the park ...;
;;;I couldn't know it would lead to this ...;I couldn't know it would lead to this ...;
;;;It happened so quickly.;It happened so quickly.;
;;;I remember the sound.;I remember the sound.;
;;;I can't get it out of my head.;I can't get it out of my head.;
;;;I know she’s waiting.;I know she’s waiting.;
;;;But I can’t talk to her.;But I can’t talk to her.;
;;;I can’t even say her name.;I can’t even say her name.;
;;;How do I know if I'm ready?;How do I know if I'm ready?;
;;;I'm not sure if this will work.;I'm not sure if this will work.;
;;;I guess there's no real way of knowing.;I guess there's no real way of knowing.;
;;;I'll just have to hope for the best.;I'll just have to hope for the best.;
;;;What is going to happen to me?;What is going to happen to me?;
;;;Will I still be conscious?;Will I still be conscious?;
;;;Or will it feel like dying?;Or will it feel like dying?;
;;;I guess I don't have much of a choice.;I guess I don't have much of a choice.;
;;;If I don't return, he might not wake up.;If I don't return, he might not wake up.;
;;;I have moved on.;I have moved on.;
;;;"I’ve always found something comforting about
bus rides.";"I’ve always found something comforting about
bus rides.";
;;;They gave me time to think.;They gave me time to think.;
;;;It's peaceful.;It's peaceful.;
;;;Like an empty void.;Like an empty void.;
;;;I’ve been asleep for a long time.;I’ve been asleep for a long time.;
;;;"Not just these past seven days, but before that
too.";"Not just these past seven days, but before that
too.";
;;;I've been hiding inside him.;I've been hiding inside him.;
;;;"Trying to forget my past, pretending I don't miss
anything.";"Trying to forget my past, pretending I don't miss
anything.";
;;;But I missed so many things.;But I missed so many things.;
;;;I missed myself.;I missed myself.;
;;;"Rotting in my room for so long has made me
forget who I was.";"Rotting in my room for so long has made me
forget who I was.";
;;;Who I could become.;Who I could become.;
;;;"In the past, I was always thinking if this all
was my fault.";"In the past, I was always thinking if this all
was my fault.";
;;;If I turned myself into this kind of person.;If I turned myself into this kind of person.;
;;;If I could have done more to change.;If I could have done more to change.;
;;;But now I think ...;But now I think ...;
;;;"Maybe it's not about blaming myself.\!
Maybe it's understanding.";"Maybe it's not about blaming myself.\!
Maybe it's understanding.";
;;;"Revisiting these moments without letting them
define who I am.";"Revisiting these moments without letting them
define who I am.";
;;;Seeing my younger self in those memories ...;Seeing my younger self in those memories ...;
;;;It made me think differently.;It made me think differently.;
;;;I don't hate him anymore.;I don't hate him anymore.;
;;;He was doing his best.;He was doing his best.;
;;;I don't know what's waiting for me when I wake up.;I don't know what's waiting for me when I wake up.;
;;;He might not change at all.;He might not change at all.;
;;;"He might just return to the same life he always
had.";"He might just return to the same life he always
had.";
;;;Just swimming in the same old circles.;Just swimming in the same old circles.;
;;;But maybe,\| he’ll be able to breathe a little easier.;But maybe,\| he’ll be able to breathe a little easier.;
;;;Maybe he'll remember the feeling of moving on.;Maybe he'll remember the feeling of moving on.;
;;;Maybe he won’t be okay right away.;Maybe he won’t be okay right away.;
;;;Maybe it’ll take time.;Maybe it’ll take time.;
;;;But that's okay too.;But that's okay too.;
;;;Because I know I moved on.;Because I know I moved on.;
;;;And maybe,\| he'll do the same.;And maybe,\| he'll do the same.;
;;;You are so tired.;You are so tired.;
;;;It's a knife.;It's a knife.;
;;;A lamp.;A lamp.;
;;;I don't need to call anyone.;I don't need to call anyone.;
;;;"It was a sunny evening, and I was listening
to some music.";"It was a sunny evening, and I was listening
to some music.";
;;;Then, Haven appeared.;Then, Haven appeared.;
;;;Back then, I had no idea who she was.;Back then, I had no idea who she was.;
;;;"But in hindsight, it was the start of something
terrible.";"But in hindsight, it was the start of something
terrible.";
;;;She asked me for my email, and I agreed.;She asked me for my email, and I agreed.;
;;;She then simply walked away.;She then simply walked away.;
;;;I went home shortly after that.;I went home shortly after that.;
;;;I couldn't believe that had just happened to me.;I couldn't believe that had just happened to me.;
;;;"She eventually sent an email, and asked if I wanted
to hang out with her.";"She eventually sent an email, and asked if I wanted
to hang out with her.";
;;;I was curious to what could happen between us.;I was curious to what could happen between us.;
;;;If only I didn't respond back ...;If only I didn't respond back ...;
;;;"We met under a big tree nearby the park.\!
She brought some snacks and apple juice.";"We met under a big tree nearby the park.\!
She brought some snacks and apple juice.";
;;;"She even wanted to meet up again.\!
I was so excited for the first time in a while.";"She even wanted to meet up again.\!
I was so excited for the first time in a while.";
;;;I was starting to catch feelings for her.;I was starting to catch feelings for her.;
;;;"I guess she was too, since we started dating
after a couple dates.";"I guess she was too, since we started dating
after a couple dates.";
;;Haven;"I think their latest album was worse than their
first one!";"I think their latest album was worse than their
first one!";
;;Haven;I mean, yeah, the singer did leave ...;I mean, yeah, the singer did leave ...;
;;Haven;"It's still a good album! It's just not the same, 
you know?";"It's still a good album! It's just not the same, 
you know?";
;;;Haven had invited me over to a party.;Haven had invited me over to a party.;
;;;"She knew I couldn't handle something like that.\!
But she really wanted everyone to meet me.";"She knew I couldn't handle something like that.\!
But she really wanted everyone to meet me.";
;;;I picked out a black suit I had lying around.;I picked out a black suit I had lying around.;
;;;"I hadn't been to a party before, so I didn't know
what to expect.";"I hadn't been to a party before, so I didn't know
what to expect.";
;;;I really didn't want to go.;I really didn't want to go.;
;;;"It felt too unsafe, why couldn't we just meet up
somewhere again?";"It felt too unsafe, why couldn't we just meet up
somewhere again?";
;;;Still, I did agree.;Still, I did agree.;
;;;I guess I believed it might turn out alright.;I guess I believed it might turn out alright.;
;;;We met outside the building.;We met outside the building.;
;;;"She was with a few of her friends, and she
introduced me to them.";"She was with a few of her friends, and she
introduced me to them.";
;;;They all seemed nice, I guess.;They all seemed nice, I guess.;
;;;"Once we were inside, we took a few pictures
together before Haven disappeared.";"Once we were inside, we took a few pictures
together before Haven disappeared.";
;;;I sat there alone on the stool, with a drink in hand.;I sat there alone on the stool, with a drink in hand.;
;;;It felt like everyone's eyes were digging into me.;It felt like everyone's eyes were digging into me.;
;;;"I started to worry it was happening.\!
Exactly how I'd imagined it.";"I started to worry it was happening.\!
Exactly how I'd imagined it.";
;;;"While I was waiting for her, Haven was with her 
friends.";"While I was waiting for her, Haven was with her 
friends.";
;;;I tried to join the conversation, but I felt lost.;I tried to join the conversation, but I felt lost.;
;;;It felt like I didn't belong there.;It felt like I didn't belong there.;
;;;So I went somewhere else.;So I went somewhere else.;
;;;Oh Haven ...;Oh Haven ...;
;;;Why did you have to make it so hard for me?;Why did you have to make it so hard for me?;
;;;"Did you expect something else from me?\!
You knew I couldn't handle this.";"Did you expect something else from me?\!
You knew I couldn't handle this.";
;;;"I knew I had to get out of there as soon as
possible.";"I knew I had to get out of there as soon as
possible.";
;;;"I was scared.\!
I was furious.";"I was scared.\!
I was furious.";
;;;"Without saying a word, I grabbed a cigarette and
left.";"Without saying a word, I grabbed a cigarette and
left.";
;;;"I felt hate.\!
I felt betrayed.";"I felt hate.\!
I felt betrayed.";
;;;I didn't want to think about it.;I didn't want to think about it.;
;;;"She specifically asked me to go to the party, so
why would she ignore me?";"She specifically asked me to go to the party, so
why would she ignore me?";
;;;"Well if she's going to ignore me, she won't notice
me leaving.";"Well if she's going to ignore me, she won't notice
me leaving.";
;;;"I've had enough of this.\!
I want to go home.";"I've had enough of this.\!
I want to go home.";
;;;I don't want to care ...;I don't want to care ...;
;;;"I HATE THIS.\!
LET ME GO HOME.";"I HATE THIS.\!
LET ME GO HOME.";
;;;"WHY IS SHE LIKE THIS?\!
WHY WOULD SHE DO THIS TO ME?";"WHY IS SHE LIKE THIS?\!
WHY WOULD SHE DO THIS TO ME?";
;;;"SHE PROBABLY THINKS THIS WAS A FUNNY
WAY TO HURT ME.";"SHE PROBABLY THINKS THIS WAS A FUNNY
WAY TO HURT ME.";
;;;...\. WHY AM I DOING THIS TO MYSELF?;...\. WHY AM I DOING THIS TO MYSELF?;
;;;PLEASE ...;PLEASE ...;
;;;I already know it's Haven.;I already know it's Haven.;
;;;She's been searching for me.;She's been searching for me.;
;;;There was no one.;There was no one.;
;;;I must have imagined her coming here.;I must have imagined her coming here.;
;;;She wanted to meet at my house a few days after.;She wanted to meet at my house a few days after.;
;;;"She didn't mention it, but I knew it was gonna be
about what happened at the party.";"She didn't mention it, but I knew it was gonna be
about what happened at the party.";
;;;I can't say anything.;I can't say anything.;
;;;Does she feel sorry?\! Should I feel sorry?;Does she feel sorry?\! Should I feel sorry?;
;;;Why should I?;Why should I?;
;;;"She didn't even care that I left.\!
Not even a text message that night.";"She didn't even care that I left.\!
Not even a text message that night.";
;;;"Not a single word.\!
She'll have to figure out this mistake on her own.";"Not a single word.\!
She'll have to figure out this mistake on her own.";
;;;I don't think she even deserves a second chance.;I don't think she even deserves a second chance.;
;;;She broke up with me.;She broke up with me.;
;;;I guess that was to be expected.;I guess that was to be expected.;
;;;"We stopped messaging not long after.\.
We let the silence take over.";"We stopped messaging not long after.\.
We let the silence take over.";
;;;"We both didn't want to talk about it, so we just
let it be.";"We both didn't want to talk about it, so we just
let it be.";
;;;I'd started smoking a lot of weed.;I'd started smoking a lot of weed.;
;;;"Life started to feel boring without her.\!
At least smoking felt exciting.";"Life started to feel boring without her.\!
At least smoking felt exciting.";
;;;It was something I could look forward to each day.;It was something I could look forward to each day.;
;;;Especially music.;Especially music.;
;;;"I started hearing things I never heard before.
I felt things I hadn't before.";"I started hearing things I never heard before.
I felt things I hadn't before.";
;;;"It felt like I was floating in an endless pool of
water.";"It felt like I was floating in an endless pool of
water.";
;;;It was amazing.;It was amazing.;
;;;This is how I wanted to live now.;This is how I wanted to live now.;
;;;Life felt so much better like this.;Life felt so much better like this.;
;;;"No worries. The past is gone.\!
Only the present remains.";"No worries. The past is gone.\!
Only the present remains.";
;;;"The sheet is stuck.\!
Torn between two sharp rocks.";"The sheet is stuck.\!
Torn between two sharp rocks.";
;;;There's a hole in the sandpit.;There's a hole in the sandpit.;
;;;Go ahead, we don't have that much time.;Go ahead, we don't have that much time.;
;;;You're sick.;You're sick.;
;;;I can't believe we hoped you could change.;I can't believe we hoped you could change.;
;;;They're gone.;They're gone.;
;;;Huh?;Huh?;
;;;...\. No, they’re just lost, right?;...\. No, they’re just lost, right?;
;;;"We just need to look, that’s what you’re
supposed to do when someone’s lost.";"We just need to look, that’s what you’re
supposed to do when someone’s lost.";
;;;"A little wind, a summer sun
A river rich and regal";"A little wind, a summer sun
A river rich and regal";
;;;"A flood of fond endorphins
Brings a calm that knows no equal";"A flood of fond endorphins
Brings a calm that knows no equal";
;;;"You’re flying now
You see things much more clear than from the ground";"You’re flying now
You see things much more clear than from the ground";
;;;"It’s all okay, it would be
Were you not now halfway down";"It’s all okay, it would be
Were you not now halfway down";
;;;They're dead.;They're dead.;
;;;No ...;No ...;
;;;That can't be right ...;That can't be right ...;
;;;They promised ...;They promised ...;
;;;Why would they leave me alone ...?;Why would they leave me alone ...?;
;;;I'll ...;I'll ...;
;;;I'll wait ...;I'll wait ...;
;;;They'll come back ...;They'll come back ...;
;;;They'll ...;They'll ...;
;;;Come ...;Come ...;
;;;Jump.;Jump.;
;;;I ruined everything.;I ruined everything.;
;;;You'll never be the same.;You'll never be the same.;
;;;You’ve been so quiet lately.;You’ve been so quiet lately.;
;;;Is that supposed to be comforting?;Is that supposed to be comforting?;
;;;What are you even still doing here?;What are you even still doing here?;
;;;You're not her.;You're not her.;
;;;And I don't need you anymore.;And I don't need you anymore.;
;;;I never needed you.;I never needed you.;
;;;"You said you'd always be there for me, but
it never felt that way.";"You said you'd always be there for me, but
it never felt that way.";
;;;It never felt real.;It never felt real.;
;;;You were never real.;You were never real.;
;;;I’m sick of it.;I’m sick of it.;
;;;Say something.;Say something.;
;;;Anything.;Anything.;
;;;Nothing?;Nothing?;
;;;No\. more\. voice.;No\. more\. voice.;
;;;No\. more\. safe.;No\. more\. safe.;
;;;No\. more\. pretending.;No\. more\. pretending.;
;;;No\| more\| voice.;No\| more\| voice.;
;;;"No\| more\| being\| ""safe"".";"No\| more\| being\| ""safe"".";
;;;I'm done with you.;I'm done with you.;
;;;One day,\. everything will have to go.;One day,\. everything will have to go.;A todo\. y a todos les llega su final.
;;;All of our progress as living creatures for nothing.;All of our progress as living creatures for nothing.;"En ese momento, todo lo que conseguiste
en vida será en vano."
;;;The memories we have will have no meaning.;The memories we have will have no meaning.;"Los recuerdos que atesoraste por tantos años
caerán en el olvido."
;;;You will die.;You will die.;La llama de vida que hay en ti... se apagará.
;;;4.\. 4.\. 3.\. 3.\. 5.\. 5.\. 5.\. 7.;4.\. 4.\. 3.\. 3.\. 5.\. 5.\. 5.\. 7.;4.\. 4.\. 3.\. 3.\. 5.\. 5.\. 5.\. 7.
;;;"
[Common Events]
";"
[Common Events]
";
;;;I see you've arrived here.;I see you've arrived here.;Veo que por fin has llegado.
;;;"I know you're confused, but I need you to 
answer some questions before we begin.";"I know you're confused, but I need you to 
answer some questions before we begin.";"Sé que te sientes confundido, pero necesito
que primero me respondas algunas preguntas."
;;;How did you handle this new environment?;How did you handle this new environment?;"¿Cómo te fue en este nuevo entorno?
¿Dirías que ya te estás adaptando?"
;;;I managed;I managed;Algo así
;;;It was hard;It was hard;No
;;;And did you find anything here?;And did you find anything here?;¿Y encontraste algo?
;;;...\| I guess you're not ready to answer that yet.;...\| I guess you're not ready to answer that yet.;"...\| Bueno, parece que aún no estás listo
para responder esa pregunta."
;;;"There's a reason you lived the life you did.\.
Your soul didn't care about it.";"There's a reason you lived the life you did.\.
Your soul didn't care about it.";"Todas aquellas experiencias que viviste...\.
Fue por una razón, y tú nunca le diste importancia."
;;;"When you were growing up, did you always
feel content?";"When you were growing up, did you always
feel content?";"¿Te acuerdas si eras feliz mientras crecías?"
;;;Was everything perfect, just like you wanted?;Was everything perfect, just like you wanted?;"¿Si sentías que todo era perfecto
y tal como querías?"
;;;"Did you spend time with your family?
Play soccer with your friends?";"Did you spend time with your family?
Play soccer with your friends?";"¿Si pasabas tiempo con tu familia?
¿O preferías jugar fútbol con tus amigos?"
;;;Did you feel like you were ...\| complete?;Did you feel like you were ...\| complete?;¿Alguna vez te sentiste...\| completo?
;;;...\| I guess you're not ready to answer that either.;...\| I guess you're not ready to answer that either.;"...\| Mmm, parece que tampoco estás listo para
responder esa pregunta."
;;;Come to your senses, and you will find me again.;Come to your senses, and you will find me again.;"Una vez que recuperes tus sentidos,
me podrás encontrar de nuevo."
;;;"...\| Perhaps there was something more.\|
A sense of emptiness.";"...\| Perhaps there was something more.\|
A sense of emptiness.";"...\| Tal vez hubo algo más.\|
Un vacío emocional."
;;;"We're giving you a second chance to see what you
couldn't.";"We're giving you a second chance to see what you
couldn't.";"Vamos a darte otra oportunidad para ver
lo que no pudiste."
;;;I hope you'll have answers by the next time.;I hope you'll have answers by the next time.;"Espero que tengas las respuestas cuando nos
volvamos a ver."
;;;For now, we have brought you something.;For now, we have brought you something.;Por ahora, hemos traído algo para ti.
;;;Something to help you look at your past.;Something to help you look at your past.;Te ayudará a darle un vistazo a tu pasado.
;;;Principal;Principal;Director
;;Principal;"This is your principal,\. reminding you that
students are NOT allowed in the teacher's lounge!";"This is your principal,\. reminding you that
students are NOT allowed in the teacher's lounge!";"Les habla su director.\. Solo quería recordarles
que está PROHIBIDO entrar en la sala de profesores."
;;Principal;It is clearly locked for a reason.;It is clearly locked for a reason.;"Si está cerrado es EVIDENTE que no
tienen por qué entrar."
;;Principal;"And whoever keeps stealing the toilet paper,
please stop. It's getting ridiculous.";"And whoever keeps stealing the toilet paper,
please stop. It's getting ridiculous.";"Y quien sea que esté robándose el papel sanitario
será sancionado por una semana si es atrapado."
;;Principal;"And also, whoever's blasting the music in the 
courtyard, could you please turn it down?";"And also, whoever's blasting the music in the 
courtyard, could you please turn it down?";"Ah, cierto. Hasta aquí escucho esa insoportable
música. Por favor, ¡BAJEN el volumen!"
;;Principal;"This is your principal,\. reminding you that the
vending machine in the teacher's lounge is broken.";"This is your principal,\. reminding you that the
vending machine in the teacher's lounge is broken.";"Les habla su director.\. La máquina expendedora
de la sala de profesores está malograda."
;;Principal;"Good job, whoever keeps breaking into the
teacher's lounge, just to buy some soda.";"Good job, whoever keeps breaking into the
teacher's lounge, just to buy some soda.";"Al parecer alguien insiste en comprar sus
bebidas en donde NO debe."
;;Principal;"You must have really wanted that soda, because 
you bought too much.";"You must have really wanted that soda, because 
you bought too much.";"Y parece que tiene cierta preferencia por la
Coca-Cola, ya que arrasó con TODAS las que había."
;;Principal;"Now that it's broken, maybe you'll leave the 
teacher's lounge alone!";"Now that it's broken, maybe you'll leave the 
teacher's lounge alone!";"Bueno, ahora que está averiada, ¡quizá dejes
la sala de profesores en paz!"
;;Principal;"This is your principal,\. letting you know that the
repairman we called to fix the machine ...";"This is your principal,\. letting you know that the
repairman we called to fix the machine ...";"Les habla su director.\. Llamamos a un técnico
para que repare la máquina expendedora y..."
;;Principal;"...\. Seems to have made things worse.\|
Much worse.";"...\. Seems to have made things worse.\|
Much worse.";"...\. Parece que lo empeoró todo."
;;Principal;"The machine is now dispensing random items,
including but not limited to: stale crackers,";"The machine is now dispensing random items,
including but not limited to: stale crackers,";"Ahora está despachando cosas aleatorias como:
galletas rancias,"
;;Principal;Used paper towels ...;Used paper towels ...;Toallas de papel mojadas...
;;Principal;"And what appears to be a single sock.\|
We're working on fixing it.";"And what appears to be a single sock.\|
We're working on fixing it.";"Y lo que parece ser un calcetín izquierdo.\|
Esperamos poder repararla pronto."
;;Principal;"In the meantime, we ask that you please stop
breaking into the teacher's lounge ...";"In the meantime, we ask that you please stop
breaking into the teacher's lounge ...";"Mientras tanto, les pedimos gentilmente que
eviten entrar en la sala de profesores..."
;;Principal;"This is your principal,\. letting you know that the
vending machine has disappeared.";"This is your principal,\. letting you know that the
vending machine has disappeared.";"Les habla su director.\. Queremos informarles
que la máquina expendedora desapareció."
;;Principal;"No one saw it disappear, it just did.\.
And I think it took the repairman with it ...";"No one saw it disappear, it just did.\.
And I think it took the repairman with it ...";"Sencillamente se esfumó, y...\.
creo que se llevó al técnico con ella."
;;Principal;We'll be hosting a funeral later this week.;We'll be hosting a funeral later this week.;"Bueno, parece que tendremos un funeral esta
semana..."
;;;I guess school is done for today.;I guess school is done for today.;Creo que eso es todo por hoy.
;;;Another day, another horrible memory.;Another day, another horrible memory.;Un día más, un recuerdo más para atormentarme.
;;;Can you begin to see what is happening here?;Can you begin to see what is happening here?;¿Logras percibir qué es lo que está pasando?
;;;"Every failure,\. every time you tried your best,\.
every time you weren't enough.";"Every failure,\. every time you tried your best,\.
every time you weren't enough.";"Cada fracaso,\. cada esfuerzo,\.
cada vez que no fuiste suficiente."
;;;Do these moments really define who you are?;Do these moments really define who you are?;¿Esos momentos realmente definen quien eres?
;;;...\| They made you a different person.;...\| They made you a different person.;...\| Ellos te convirtieron en alguien diferente.
;;;"...\| You're still free to be someone, regardless
of what you've experienced.";"...\| You're still free to be someone, regardless
of what you've experienced.";"...\| Aún puedes ser alguien mejor... pese a
lo que hayas vivido."
;;;"I do hope you realize that you don’t have to
hold on to these moments forever.";"I do hope you realize that you don’t have to
hold on to these moments forever.";"Espero que pronto entiendas que no tienes
porque aferrarte a esos momentos."
;;;"You've made the first step to opening your eyes.\!
Can you understand?";"You've made the first step to opening your eyes.\!
Can you understand?";"Pero ya has dado los primeros pasos para lograrlo.\!
¿Te diste cuenta?"
;;;"You still have time to get accustomed with
these grounds,\. but you're going in a direction.";"You still have time to get accustomed with
these grounds,\. but you're going in a direction.";"Aún cuentas con tiempo para conocer mejor
el camino que decidiste seguir."
;;;I don't have the power to say which is correct.;I don't have the power to say which is correct.;No puedo decirte si es o no el correcto.
;;;You still have a long journey ahead of you.;You still have a long journey ahead of you.;"Aún te queda un largo camino por recorrer."
;;;...\| Do you think you'll be able to keep trying?;...\| Do you think you'll be able to keep trying?;...\| ¿Crees que lograrás seguir?
;;;Yes, I will.;Yes, I will.;Sí
;;;I don't know.;I don't know.;No lo sé
;;;You keep looking back, don't you?;You keep looking back, don't you?;Aún te cuesta dejar ir el pasado, ¿no?
;;;"Staring at those moments like they're still
actually happening.";"Staring at those moments like they're still
actually happening.";"Revives aquellos momentos una y otra vez en
tu mente."
;;;"You're afraid of something.\!
You're afraid because what if it happens again?";"You're afraid of something.\!
You're afraid because what if it happens again?";"Te asusta, ¿no?\!
Te asusta que vuelva a pasar."
;;;"Adults are just the older versions of their
younger selves, right?";"Adults are just the older versions of their
younger selves, right?";"Al final, ¿qué son los adultos sino versiones
mas grandes de sus yo más jóvenes?"
;;;"So why wouldn't these things happen again?\!
Am I right?";"So why wouldn't these things happen again?\!
Am I right?";"Asi que, ¿por qué tendría que pasar de nuevo?\!
¿Verdad?"
;;;...\| I thought so.;...\| I thought so.;
;;;...\| So why do you keep looking back in fear?;...\| So why do you keep looking back in fear?;
;;;...\| Do you think you'll ever stop running?;...\| Do you think you'll ever stop running?;
;;;Maybe, but not yet.;Maybe, but not yet.;
;;;No, they'll always follow.;No, they'll always follow.;
;;;Do you understand why you're here?;Do you understand why you're here?;
;;;This opportunity ...;This opportunity ...;
;;;"It's what you do, isn't it?\!
Pretend it didn't happen.";"It's what you do, isn't it?\!
Pretend it didn't happen.";
;;;"...\. But the memories are all still here.\.
Waiting to be discovered.";"...\. But the memories are all still here.\.
Waiting to be discovered.";
;;;Are you scared of what you've experienced?;Are you scared of what you've experienced?;
;;;"Is the thought of seeing those moments so
horrifying to you?";"Is the thought of seeing those moments so
horrifying to you?";
;;;"You still have time to get accustomed with
these grounds,\. but you're haven't started.";"You still have time to get accustomed with
these grounds,\. but you're haven't started.";
;;;I don't have the power to say if this is correct.;I don't have the power to say if this is correct.;
;;;"...\| Do you really think ignoring it will make
it disappear?";"...\| Do you really think ignoring it will make
it disappear?";
;;;I can make it go away.;I can make it go away.;
;;;I don't want to deal with this.;I don't want to deal with this.;
;;;...\| You can't forget forever.;...\| You can't forget forever.;
;;;I sit at the table and wait for a waiter.;I sit at the table and wait for a waiter.;
;;;After a minute, they bring some tea.;After a minute, they bring some tea.;
;;;I take a sip of the tea.;I take a sip of the tea.;
;;;...\| it tastes wet.;...\| it tastes wet.;
;;;I should probably go eat dinner now.;I should probably go eat dinner now.;Tal vez debería ir a cenar.
;;;Can you begin to see what it truly means?;Can you begin to see what it truly means?;¿Logras percibir lo que eso significa?
;;;Your life here wasn't perfect, but they mattered.;Your life here wasn't perfect, but they mattered.;"Tu vida no fue perfecta, en lo absoluto,
pero aún así, siempre fueron inportantes."
;;;"Those moments ...\!
They shaped you as a human being.";"Those moments ...\!
They shaped you as a human being.";"Aquellos momentos...\!
te definieron como persona."
;;;"You're starting to look at these memories with new
eyes.";"You're starting to look at these memories with new
eyes.";"¿Logras verlos con otros ojos ahora?"
;;;A new perspective.;A new perspective.;¿Desde una nueva perspectiva?
;;;Do you feel like you're making progress?;Do you feel like you're making progress?;¿Sientes que estás progresando?
;;;...\| You're not the same person you used to be.;...\| You're not the same person you used to be.;...\| Ya no eres el mismo que solías ser.
;;;You can decide if that's a good thing.;You can decide if that's a good thing.;Y eso puede ser bueno o malo, tu decides.
;;;...\| At the end, it's not only about making progress.;...\| At the end, it's not only about making progress.;"...\| Al fin de cuentas, no solo se trata de lograr
algún cambio o progreso."
;;;"We're just giving you a chance to explore these
memories, what you do with them is your choice.";"We're just giving you a chance to explore these
memories, what you do with them is your choice.";"Te estamos dado la oportunidad de explorar estos
recuerdos. Lo que hagas con ellos, depende de ti."
;;;"What happened in this house is something you
can't run away from.";"What happened in this house is something you
can't run away from.";"No se puede huir por siempre de todo lo que
pasó en esta casa."
;;;"... \.But you're not running away.\!
It's a big step you've taken compared to the past.";"... \.But you're not running away.\!
It's a big step you've taken compared to the past.";"... \.No lo estás haciendo.\!
Y ese es un gran paso que has dado."
;;;"There's still more to uncover.\!
More moments from the past you'll explore.";"There's still more to uncover.\!
More moments from the past you'll explore.";"Aún tenemos mucho más a explorar.\!
Más recuerdos que deben ser revisitados."
;;;...\| Can you bear seeing more of the past?;...\| Can you bear seeing more of the past?;...\| ¿Crees que podrás continuar?
;;;I'll try my best;I'll try my best;Trataré
;;;It's hard;It's hard;Es difícil
;;;...\| You should head to the bus stop.;...\| You should head to the bus stop.;...\| Ve hacia la parada de autobús.
;;;"You keep holding on.\!
You're nothing without those memories.";"You keep holding on.\!
You're nothing without those memories.";"Sí, lo es, pero debes seguir.\!
Tu vida no significa nada sin ellos."
;;;"They'll be lost if you don't revisit them.\!
You're breaking yourself.";"They'll be lost if you don't revisit them.\!
You're breaking yourself.";""
;;;"It's not like it matters anymore.\!
They're already dead.";"It's not like it matters anymore.\!
They're already dead.";
;;;"You didn't care about how dad crashed his car, or
how mommy stabbed herself to death afterwards.";"You didn't care about how dad crashed his car, or
how mommy stabbed herself to death afterwards.";
;;;You lied about visiting them and it haunts you.;You lied about visiting them and it haunts you.;
;;;"These moments are the only way to see them.\!
And they'll haunt you too.";"These moments are the only way to see them.\!
And they'll haunt you too.";
;;;"... \.But you're not running away.\!
Instead, you're directly interacting with them.";"... \.But you're not running away.\!
Instead, you're directly interacting with them.";
;;;"You've thought so many times about these times.
And every time you'd defend\., regret,\. and hate it.";"You've thought so many times about these times.
And every time you'd defend\., regret,\. and hate it.";
;;;The weight you carry will only be heavier.;The weight you carry will only be heavier.;
;;;I have to look;I have to look;
;;;I can't handle this anymore;I can't handle this anymore;
;;;You're ignoring them.; You're ignoring them.;
;;;You can't bear the fact of facing the past.;You can't bear the fact of facing the past.;
;;;What would you achieve with this?;What would you achieve with this?;
;;;"It's not our choice to determine whether you
will get something out of this.";"It's not our choice to determine whether you
will get something out of this.";
;;;...\| Maybe you can forget about them.;...\| Maybe you can forget about them.;
;;;"Leave it all behind you.\.
Why would you look back if you can't change it?";"Leave it all behind you.\.
Why would you look back if you can't change it?";
;;;"We gave you the opportunity to change
your mind.";"We gave you the opportunity to change
your mind.";
;;;"What happened in this house is something you
shouldn't run away from.";"What happened in this house is something you
shouldn't run away from.";
;;;... \.And yet, you are.;... \.And yet, you are.;
;;;The choice is ultimately yours.;The choice is ultimately yours.;
;;;I can't;I can't;
;;;There you are.;There you are.;Ahí estás.
;;;It wasn’t easy, but you finally came around.;It wasn’t easy, but you finally came around.;No fue fácil, pero al fin has llegado.
;;;"I wondered if you’d keep running in circles
forever.";"I wondered if you’d keep running in circles
forever.";"Comenzaba a preguntarme si es que algún día
lograrías romper el ciclo."
;;;"You know this place, even if you don’t
recognize it.";"You know this place, even if you don’t
recognize it.";"Ya conoces este lugar, aunque pienses que
no es así."
;;;Not just this empty void, but this whole world.;Not just this empty void, but this whole world.;"No me refiero solamente a este vacío,
sino a TODO este mundo."
;;;It's been growing ever since he was just little.;It's been growing ever since he was just little.;Ha crecido bastante desde que él era pequeño.
;;;Come on, we've got a lot to walk through.;Come on, we've got a lot to walk through.;"Ven conmigo, nos espera un largo camino
por delante."
;;;"Throughout the days, you’ve come across
the others.";"Throughout the days, you’ve come across
the others.";Esta no es la primera vez que nos encontramos.
;;;The Loneliness.;The Loneliness.;Soy Soledad, así nos llamamos.
;;;Each one of us pulled from the loneliness he felt.;Each one of us pulled from the loneliness he felt.;"Nos originamos de él... nutridos por cada miedo,
culpa, humillación y resentimiento suyo."
;;;"We've never been able to get in touch with him
directly.";"We've never been able to get in touch with him
directly.";No podíamos llegar hasta él.
;;;But we had enough power to bring you here.;But we had enough power to bring you here.;"Pero teníamos suficiente poder para
traerte hacia nosotros... a este mundo."
;;;"This world ...\!
We created it with parts of his memories.";"This world ...\!
We created it with parts of his memories.";"Todo lo que ves a tu alrededor...\! fue hecho
con partes de sus recuerdos, así lo creamos."
;;;A white sheet he used to hide under.;A white sheet he used to hide under.;La manta blanca que usaba para esconderse.
;;;Someone who was so important to him.;Someone who was so important to him.;Aquella persona importante para él.
;;;And a bus stop taking him back home.;And a bus stop taking him back home.;La parada de autobús al regresar a casa.
;;;We did this for one purpose.;We did this for one purpose.;Todo esto responde a un propósito.
;;;"To make you,\. and therefore him,\. look at these
memories from a different perspective.";"To make you,\. and therefore him,\. look at these
memories from a different perspective.";"Ofrecerte a ti,\. y por ende a él también,\.
una nueva perspectiva de estos recuerdos."
;;;To relive the past, and see if you could change.;To relive the past, and see if you could change.;"Y ver si eras capaz de cambiar al
revivir el pasado."
;;;We believed there was a way out of our bodies.;We believed there was a way out of our bodies.;"Creía que solo así podríamos
por fin dejar ir estos cuerpos..."
;;;"I wanted to move on.\!
All of us did.";"I wanted to move on.\!
All of us did.";"Todos lo creíamos."
;;;The only thing that was stopping us,\. was him.;The only thing that was stopping us,\. was him.;Pero había un problema:\. él.
;;;His unwillingness to face what he’s left behind.;His unwillingness to face what he’s left behind.;"No estaba dispuesto a enfrentar aquello que
dejó atrás."
;;;You're not who you think you are.;You're not who you think you are.;No eres quien piensas que eres.
;;;You're not him.;You're not him.;No eres él... Y no esperábamos que lo fueras. 
;;;You were never meant to be.;You were never meant to be.;Eres apenas un receptáculo.
;;;"You carry his memories.\!
Everything he's lived through.";"You carry his memories.\!
Everything he's lived through.";"Posees sus recuerdos.\!
Todas sus experiencias vividas."
;;;"We pulled you out of him, so you could try to
make him accept his past.";"We pulled you out of him, so you could try to
make him accept his past.";"Te hemos traído aquí para que lo ayudes a
aceptar su pasado."
;;;Look down, into the hole.;Look down, into the hole.;"Asómate hacia el hoyo."
;;;"It’s a tear in our world.\!
A glimpse into the real one.";"It’s a tear in our world.\!
A glimpse into the real one.";"Mira lo que sucede del otro lado...
en el mundo real."
;;;He’s still in his bed.;He’s still in his bed.;Aún continua en su habitación, preso de sí mismo.
;;;Soon, we'll have to let you go.;Soon, we'll have to let you go.;Dentro de poco, tendremos que dejarte ir.
;;;"We're running out of power to keep this
world alive.";"We're running out of power to keep this
world alive.";"No podemos seguir manteniendo vivo este
mundo por mucho más tiempo."
;;;"You'll open a locked door, and return to
the human world.";"You'll open a locked door, and return to
the human world.";"Ya va siendo hora de que regreses
al mundo real."
;;;"What you’ve seen here ...\!
Everything you've learned ...";"What you’ve seen here ...\!
Everything you've learned ...";"Lo que has visto aquí...\!
Lo que has aprendido..."
;;;None of it will reach him directly.;None of it will reach him directly.;Nada de eso trascenderá hacia él.
;;;"When he wakes up, he won’t remember this place.\!
You can't bring your memories to him.";"When he wakes up, he won’t remember this place.\!
You can't bring your memories to him.";"Al despertar, no recordará este lugar,
ni ninguna experiencia tuya en este mundo."
;;;But maybe ...;But maybe ...;Pero talvez...
;;;"Maybe he’ll remember the feeling.\!
The feeling of finally being ready to move on.";"Maybe he’ll remember the feeling.\!
The feeling of finally being ready to move on.";"Talvez recuerde cómo se siente estar listo
para superar el pasado."
;;;...\| That was our hope.;...\| That was our hope.;...\| Esperamos que sea así.
;;;Do you understand, vessel?;Do you understand, vessel?;¿Has comprendido?
;;;There's something you still need to leave.;There's something you still need to leave.;"Todavía hay algo más de lo que necesitas
desprenderte."
;;;If you're ready,\. put your sheet back on.;If you're ready,\. put your sheet back on.;"Si crees estar listo,\. colocate de nuevo
la manta blanca."
;;Haven;You made it.;You made it.;Ay, ¡al fin llegaste!
;;Haven;Took you long enough,\. haha.;Took you long enough,\. haha.;Te tomaste tu tiempo, ¿eh?
;;Haven;You sound tired ...;You sound tired ...;Te oyes cansado...
;;Haven;Are you alright?;Are you alright?;¿Todo bien?
;;;I'm alright;I'm alright;Sí, estoy bien
;;;It's been heavy;It's been heavy;Ha sido bastante duro
;;Haven;I see ...;I see ...;Oh, ya veo...
;;Haven;I'm sorry to hear that ...;I'm sorry to hear that ...;
;;Haven;Well, what's new?;Well, what's new?;
;;;Nothing's changed;Nothing's changed;
;;;I don't know where to begin;I don't know where to begin;
;;;You first;You first;
;;Haven;"Are you telling me you're still the same boy
I used to know?";"Are you telling me you're still the same boy
I used to know?";
;;Haven;That can't be true! Everyone changes!;That can't be true! Everyone changes!;
;;Haven;I think you're just afraid of telling me.;I think you're just afraid of telling me.;
;;Haven;Well, we don't have to talk about it right now.;Well, we don't have to talk about it right now.;
;;Haven;...\. You've been through a lot, haven't you?;...\. You've been through a lot, haven't you?;
;;Haven;I've been worried about whether you'd be okay.;I've been worried about whether you'd be okay.;
;;Haven;It's okay if you don't want to talk about it.;It's okay if you don't want to talk about it.;
;;Haven;Hmmm, let's see ...;Hmmm, let's see ...;
;;Haven;Oh! I got into a band!;Oh! I got into a band!;
;;Haven;"Bet you remember me trying to teach myself
guitar...\. well, it paid off!";"Bet you remember me trying to teach myself
guitar...\. well, it paid off!";
;;Haven;You should come to one of our shows someday!;You should come to one of our shows someday!;
;;Haven;Do you still listen to that one band?;Do you still listen to that one band?;
;;Haven;"The one with the terrible name but actually
good songs?";"The one with the terrible name but actually
good songs?";
;;;You mean Stray Kats?;You mean Stray Kats?;
;;;Probably, I listen to a lot;Probably, I listen to a lot;
;;;I haven't;I haven't;
;;Haven;Yes! \.That’s the one!;Yes! \.That’s the one!;
;;Haven;"I've been listening to them again recently.\!
Not sure if you’d still like them ...";"I've been listening to them again recently.\!
Not sure if you’d still like them ...";
;;Haven;I guess they remind me of a different time.;I guess they remind me of a different time.;
;;;They’re still around?;They’re still around?;
;;;I forgot about them;I forgot about them;
;;Haven;Yeah!\. Barely, though.;Yeah!\. Barely, though.;
;;Haven;"I think only one of the original members is still
in it.";"I think only one of the original members is still
in it.";
;;Haven;Their sound changed a lot, it's more polished.;Their sound changed a lot, it's more polished.;
;;Haven;"My favorite will always be the one with the red
album cover though.";"My favorite will always be the one with the red
album cover though.";
;;Haven;That’s fair.;That’s fair.;
;;Haven;Honestly,\. I kind of did too for a while.;Honestly,\. I kind of did too for a while.;
;;Haven;But then one of their songs came on by accident.;But then one of their songs came on by accident.;
;;Haven;"Reminded me of when we listened to them
together.";"Reminded me of when we listened to them
together.";
;;Haven;Of course you do ...;Of course you do ...;
;;Haven;"You always had a bunch of playlists for
every mood.";"You always had a bunch of playlists for
every mood.";
;;Haven;"Let me think ...\!
""Rainy and cozy""?";"Let me think ...\!
""Rainy and cozy""?";
;;Haven;"Or ""empty head""?\!
Or what about ""floating music""?";"Or ""empty head""?\!
Or what about ""floating music""?";
;;;You liked those playlists;You liked those playlists;
;;;I deleted them all;I deleted them all;
;;Haven;I have to admit, I did listen to them.;I have to admit, I did listen to them.;
;;Haven;Especially your crying music playlist, haha.;Especially your crying music playlist, haha.;
;;Haven;I think I still have them saved on my phone ...;I think I still have them saved on my phone ...;
;;Haven;That's a shame ...;That's a shame ...;
;;Haven;"I get it though,\. I do the same everytime I feel
like I have to move on.";"I get it though,\. I do the same everytime I feel
like I have to move on.";
;;Haven;So I don't blame you, haha.;So I don't blame you, haha.;
;;Haven;"Oh ...\!
I'm just surprised, that's it.";"Oh ...\!
I'm just surprised, that's it.";
;;Haven;Music used to mean everything to you.;Music used to mean everything to you.;
;;;Maybe I'll get back into it;Maybe I'll get back into it;
;;;I don't miss it;I don't miss it;
;;Haven;You should, maybe for one last time.;You should, maybe for one last time.;
;;Haven;"Their older albums really bring out this special
vibe ...";"Their older albums really bring out this special
vibe ...";
;;Haven;"I think listening to it after so long will
definitely bring back some good times.";"I think listening to it after so long will
definitely bring back some good times.";
;;Haven;That’s okay.;That’s okay.;
;;Haven;People change.;People change.;
;;Haven;Maybe it meant what it needed to at the time.;Maybe it meant what it needed to at the time.;
;;Haven;"And maybe something else will take its place
someday.";"And maybe something else will take its place
someday.";
;;Haven;There's no way to say, honestly!;There's no way to say, honestly!;
;;Haven;"I was up that mountain the other day.\.
You know which one I'm talking about right?";"I was up that mountain the other day.\.
You know which one I'm talking about right?";
;;Haven;I was surprised to see our flag was still there.;I was surprised to see our flag was still there.;
;;;You went back there?;You went back there?;
;;;I almost forgot about that;I almost forgot about that;
;;Haven;"Yeah ...\.
It looked kind of sad now.";"Yeah ...\.
It looked kind of sad now.";
;;Haven;But it still made me smile.;But it still made me smile.;
;;Haven;I remember how you struggled at some parts!;I remember how you struggled at some parts!;
;;Haven;I was proud that we did end up reaching the top.;I was proud that we did end up reaching the top.;
;;Haven;Anyways, I sat there for a while.;Anyways, I sat there for a while.;
;;Haven;Didn’t really think about anything.;Didn’t really think about anything.;
;;Haven;... Can I say something kinda stupid?;... Can I say something kinda stupid?;
;;;Please do;Please do;
;;Haven;I'm so proud of you.;I'm so proud of you.;
;;Haven;The fact that you're still here means a lot.;The fact that you're still here means a lot.;
;;Haven;And I hope you can be proud of yourself too.;And I hope you can be proud of yourself too.;
;;Haven;"Just wanted to say that since I don't know
when we'll see each other again.";"Just wanted to say that since I don't know
when we'll see each other again.";
;;Haven;Who knows, maybe this would be the last time.;Who knows, maybe this would be the last time.;
;;Haven;"You know ...\. maybe it's best that you have
that flag.";"You know ...\. maybe it's best that you have
that flag.";
;;Haven;I brought it with me from the mountain.;I brought it with me from the mountain.;
;;Haven;"It’s still in my closet.\!
If you want it, it’s yours.";"It’s still in my closet.\!
If you want it, it’s yours.";
;;Haven;Maybe it can make you feel safe.;Maybe it can make you feel safe.;
;;Haven;I’m really glad we did this.;I’m really glad we did this.;
;;Haven;Even if it’s the last time.;Even if it’s the last time.;
;;Haven;You can stay here as long as you'd like.;You can stay here as long as you'd like.;
;;Haven;And leave whenever you feel ready.;And leave whenever you feel ready.;
;;;"This looks like one of the drawings I used to make
when I was young.";"This looks like one of the drawings I used to make
when I was young.";"Se parece a los dibujos que solía hacer de más
joven."
;;;"As a kid, I guess I always felt different from
the other kids.";"As a kid, I guess I always felt different from
the other kids.";"Yo... siempre me sentí diferente de los otros
niños."
;;;"I didn't feel comfortable getting to know the
others,\. so I'd watch from a distance.";"I didn't feel comfortable getting to know the
others,\. so I'd watch from a distance.";"No me sentía muy cómodo cerca de otros niños,\.
así que procurava guardar cierta distancia."
;;;While they were having fun, I observed.;While they were having fun, I observed.;"Me limitaba a observar de lejos cómo
se divertían."
;;;It's another one of my drawings.;It's another one of my drawings.;Es otro de mis dibujos.
;;;"The other kids always had these cool toys or
trading cards to show off.";"The other kids always had these cool toys or
trading cards to show off.";"Los otros niños solían presumir las cartas o
las figuras de acción que les habían comprado."
;;;"My parents didn't give me many toys to play with,\.
so I was always fascinated when I saw them.";"My parents didn't give me many toys to play with,\.
so I was always fascinated when I saw them.";"Mis padres casi nunca me compraban juguetes,\.
así que, en cierta forma, admiraba a esos niños."
;;;Still,\. I was too scared to approach them.;Still,\. I was too scared to approach them.;"Claro,\. nunca llegaba a acercarme a ellos,
más que todo, por temor."
;;;"It felt kind of weird being the only one 
who didn't talk.";"It felt kind of weird being the only one 
who didn't talk.";"Se sentía raro ser el unico niño que se
la pasaba callado."
;;;"I imagined myself as some kind of alien.\!
Or maybe an invisible ghost.";"I imagined myself as some kind of alien.\!
Or maybe an invisible ghost.";"A veces me decía a mi mismo que era como
un fantasma: invisible para los demás."
;;;"One day, I told myself I was going to be friends
with everyone.";"One day, I told myself I was going to be friends
with everyone.";"Cierto día, me armé de valor y decidí que iba
a pedirles que me aceptaran en su grupo."
;;;"I was finally going to have fun, just like the
other kids.";"I was finally going to have fun, just like the
other kids.";"Por fin iba a tener amigos con quienes
divertirme y reír juntos."
;;;"...\| But they rejected me.\!
They said I was weird.";"...\| But they rejected me.\!
They said I was weird.";"...\| Pero me rechazaron.\!
Dijeron que no se juntaban con chicos raros."
;;;Something like “Go away, we don’t want you here.”;Something like “Go away, we don’t want you here.”;"'Lárgate de aquí, rarito'. Esas fueron
sus palabras exactas."
;;;"Maybe they didn’t like me because I never talked.\!
Maybe I just didn’t fit in.";"Maybe they didn’t like me because I never talked.\!
Maybe I just didn’t fit in.";"Quizá solo desconfiaban de mí...\!
o quizá nunca les caí bien."
;;;I guess I had accepted that I was too different.;I guess I had accepted that I was too different.;"Así que solo quedó aceptar que era...
diferente, distinto a ellos."
;;;"Instead of bothering anyone,\. I chose to be on
my own.";"Instead of bothering anyone,\. I chose to be on
my own.";"Decicí no volver a molestarlos nunca más
y estar por mi cuenta."
;;;Well, it didn't really feel like I had a choice.;Well, it didn't really feel like I had a choice.;"Bueno, no es que hubiera muchas otras
alternativas."
;;;"I started feeling something new.\!
Something I didn't feel before.";"I started feeling something new.\!
Something I didn't feel before.";"Comenze a sentir una sensación que hasta
ese entonces, era desconocida para mí."
;;;"I was so sad. It felt like there was something
missing in me.";"I was so sad. It felt like there was something
missing in me.";"Era una sensación constante de vacío y tristeza.
Más tarde aprendí su nombre: melancolía."
;;;"It felt wrong.\!
I was wrong.";"It felt wrong.\!
I was wrong.";"Me hacía sentir muy mal."
;;;"After a while, I started seeing those other
kids differently.";"After a while, I started seeing those other
kids differently.";"Al poco tiempo, comenzé a ver a estos niños
con otros ojos."
;;;They didn’t feel like people to me anymore.;They didn’t feel like people to me anymore.;Se sentían ajenos, distantes...
;;;"They felt wrong,\. unfamiliar.\!
Unrecognizable as one of my own.";"They felt wrong,\. unfamiliar.\!
Unrecognizable as one of my own.";"Como si fueran una especie completamente
distinta a la humana."
;;;I didn’t want to see them anymore.;I didn’t want to see them anymore.;No quería volver a verlos.
;;;I was fine on my own.;I was fine on my own.;Estaba mucho mejor por mi cuenta.
;;;I got used to having to entertain myself.;I got used to having to entertain myself.;"Incluso fui encontrando diversas formas de
divertirme solo."
;;;"But then, I started seeing more of those shadow
figures.";"But then, I started seeing more of those shadow
figures.";"Fue durante ese tiempo que comenzé a notar que era
a menudo observado por cierta 'gente sombra'."
;;;"Though this time, they looked different.\!
Tall and slim.";"Though this time, they looked different.\!
Tall and slim.";"Eran delgados y bastante altos, al menos desde
la perspectiva de un niño."
;;;"They didn’t say much to me, but they didn’t
bother me either.";"They didn’t say much to me, but they didn’t
bother me either.";Nunca me molestaban, y rara vez decían algo.
;;;They were just there sometimes.;They were just there sometimes.;Solo... estaban ahí.
;;;I got used to them being around.;I got used to them being around.;Poco a poco me fui acostumbrando a su compañia.
;;;"I would talk to them, even though they never
responded.";"I would talk to them, even though they never
responded.";"Trataba de comunicarme con ellos, sin embargo
nunca me respondían."
;;;But that was enough for me.;But that was enough for me.;Pero eso no me incomodaba en lo absoluto.
;;;I felt connected again.;I felt connected again.;Pronto, dejé de sentirme tan solo.
;;;Not judged, just understood.;Not judged, just understood.;"Ya no me sentía juzgado por otros,
sino comprendido, aceptado."
;;;You remember these drawings, don't you?;You remember these drawings, don't you?;Recuerdas estos dibujos, ¿verdad?
;;;"While the others were having fun, you were
drawing on your own.";"While the others were having fun, you were
drawing on your own.";"Mientras los demás se divertían, tú estabas
absorto en dibujar."
;;;Kind of like a coping mechanism.;Kind of like a coping mechanism.;Era la forma que tenías de lidiar con tu realidad.
;;;"You hear all those kids?\!
Laughing, running, shouting ...";"You hear all those kids?\!
Laughing, running, shouting ...";"¿Logras escuchar eso?\!
Son niños riendo, jugando, divirtiendose..."
;;;"You were so disconneced from them.\!
You were so different.";"You were so disconneced from them.\!
You were so different.";"Nunca lograste conectar con ellos por
ser diferente."
;;;That loneliness ...;That loneliness ...;Tu soledad...
;;;... it made me.;... it made me.;... nos trajo a la vida.
;;;You remember it, don’t you?;You remember it, don’t you?;Te acuerdas, ¿no es así?
;;;I didn’t show up one day out of nowhere.;I didn’t show up one day out of nowhere.;No aparecimos de la nada.
;;;At first, it was just a feeling.;At first, it was just a feeling.;Todo empezó como una simple sensación.
;;;You didn't feel safe around these people.;You didn't feel safe around these people.;No te sentías seguro al estar rodeado por otros.
;;;You were alone.;You were alone.;Querías sentirte solo.
;;;"So you kept to yourself.\!
And quietly, something began to grow from inside.";"So you kept to yourself.\!
And quietly, something began to grow from inside.";"Así que decidiste aislarte.\! Fue entonces
cuando algo comenzó a crecer en tu interior."
;;;You couldn't see it, but you felt it.;You couldn't see it, but you felt it.;"No conseguías verlo, pero estaba allí;
podías sentirlo."
;;;Over time, that loneliness became something else.;Over time, that loneliness became something else.;"Con el paso del tiempo, esa soledad inicial
se fue transformando en algo más."
;;;It only grew stronger and stronger.;It only grew stronger and stronger.;Se fue haciendo cada vez más fuerte.
;;;All that dark energy coming together.;All that dark energy coming together.;Toda esa energía negativa... acumulandose.
;;;It formed me.;It formed me.;Me dio forma.
;;;I became alive.;I became alive.;Me dio vida.
;;;I didn’t ask to exist.;I didn’t ask to exist.;No pedí existir.
;;;But you made space for me... \!and I filled that.;But you made space for me ... \!and I filled that.;"Pero era inevitable que sucediera...\!
Todo vacío siempre será llenado con algo."
;;;And even now,\. after all this time ...;And even now,\. after all this time ...;Incluso ahora,\. después de todos estos años...
;;;I’m still here.;I’m still here.;Aún continuo existiendo.
;;;Because that loneliness never really went away.;Because that loneliness never really went away.;Nunca dejé de formar parte de ti.
;;;I hope you can change that.;I hope you can change that.;Espero que seas capaz de cambiar de eso.
;;;Here's my last attempt to help you.;Here's my last attempt to help you.;Esta será la última vez que intente ayudarte.
;;;"There's something you need under one of the 
benches.";"There's something you need under one of the 
benches.";"Ve hacia el banco de madera y busca lo que hay
debajo de él."
;;;You should be able to find it.;You should be able to find it.;Vas a necesitarlo.
;;;They can't have gone that far, right?;They can't have gone that far, right?;No creo que hayan ido muy lejos.
;;;I was with them just a moment ago ...;I was with them just a moment ago ...;Estaban junto conmigo hace unos instantes...
;;;I don’t understand why they had to leave.;I don’t understand why they had to leave.;No entiendo por qué se fueron.
;;;Does it have something to do with me?;Does it have something to do with me?;¿Tendré algo que ver con eso?
;;;Do you think they’ll be waiting for me at home?;Do you think they’ll be waiting for me at home?;¿Crees que estén en casa esperando por mí?
;;;They would probably be worried ...;They would probably be worried ...;Probablemente estén preocupados...
;;;...\. Or maybe not.;...\. Or maybe not.;...\. O no.
;;;It's so cold here ...;It's so cold here ...;Hace mucho frío aquí...
;;;I don't like this ...;I don't like this ...;No me gusta nada de esto...
;;;"Maybe if I find all the things they left behind,\.
they’ll come back?";"Maybe if I find all the things they left behind,\.
they’ll come back?";
;;;"What other reason could they have for throwing
everything out?";"What other reason could they have for throwing
everything out?";
;;;Oh, there's my house!;Oh, there's my house!;
;;;Do you think they’ll be mad that I left?;Do you think they’ll be mad that I left?;
;;;You’ll stay close, right?;You’ll stay close, right?;
;;Mr. Lee;"\etalk[4]Hey! Stop doing that!
You're ruining my detention!";"\etalk[4]Hey! Stop doing that!
You're ruining my detention!";
;;Pembleton;"\etalk[6]Young man!
Stop that this instant!";"\etalk[6]Young man!
Stop that this instant!";
;;Kyle;Hey, could you not?;Hey, could you not?;
;;The Twins;\etalk[5]Hell yeah!;\etalk[5]Hell yeah!;
;;Trumpeter;Huh? Is that my trumpet?;Huh? Is that my trumpet?;¡Mi trompeta!
;;Librarian;\etalk[6]Excuse me, could you please stop that?;\etalk[6]Excuse me, could you please stop that?;
;;Librarian;\etalk[6]There are people trying to read in peace!;\etalk[6]There are people trying to read in peace!;
;;;You think diving deeper makes you brave?;You think diving deeper makes you brave?;
;;;"Looking back at these memories, just to hurt
yourself again and again ...";"Looking back at these memories, just to hurt
yourself again and again ...";
;;;You think that's brave?;You think that's brave?;
;;;Do you think this is helping?;Do you think this is helping?;
;;;Then again, you're not doing this to help anyone.;Then again, you're not doing this to help anyone.;
;;;"There's something in you that wants to feel
broken.";"There's something in you that wants to feel
broken.";
;;;This isn't the reason we made this world.;This isn't the reason we made this world.;
;;;We had a purpose.;We had a purpose.;
;;;"...\. But fine.\!
You want to see how far it goes?";"...\. But fine.\!
You want to see how far it goes?";
;;;I’ll walk with you.;I’ll walk with you.;
;;;I always do.;I always do.;
;;;That was foolish of us.;That was foolish of us.;
;;;We had hoped too much.;We had hoped too much.;
;;;To think he could change?\! That you could change?;To think he could change?\! That you could change?;
;;;You're rotten.;You're rotten.;
;;;I guess the past does define who you become.;I guess the past does define who you become.;
;;;You never were.;You never were.;
;;;"You're just a piece of him, carved out to look
back.";"You're just a piece of him, carved out to look
back.";
;;;"You were meant to help him move on.\!
To help him heal.";"You were meant to help him move on.\!
To help him heal.";
;;;But you didn’t do that, did you?;But you didn’t do that, did you?;
;;;...\| He's gone.;...\| He's gone.;
;;;He should be sleeping in his bed ...;He should be sleeping in his bed ...;
;;;You used this world to punish him.;You used this world to punish him.;
;;;Again and again.;Again and again.;
;;;And now look what’s left.;And now look what’s left.;
;;;This place is breaking apart.;This place is breaking apart.;
;;;"He could’ve had a life.\!
He could have started over.";"He could’ve had a life.\!
He could have started over.";
;;;We wanted you to help him show there's still good.;We wanted you to help him show there's still good.;
;;;...\. But you don't believe that yourself.;...\. But you don't believe that yourself.;
;;;But that doesn't matter now.;But that doesn't matter now.;
;;;You want to keep digging.;You want to keep digging.;
;;;So go on, vessel.;So go on, vessel.;
;;;Look at your worst moments.;Look at your worst moments.;
;;;Jump in the hole.;Jump in the hole.;
;;;"I always stood off to the side, didn’t I?\!
Watching like some creep.";"I always stood off to the side, didn’t I?\!
Watching like some creep.";
;;;"I told myself I just didn’t like talking, or that
I was different.";"I told myself I just didn’t like talking, or that
I was different.";
;;;Special, maybe.;Special, maybe.;
;;;But deep down I knew I just wasn’t wanted.;But deep down I knew I just wasn’t wanted.;
;;;Look at them.;Look at them.;
;;;They always had something to show off.;They always had something to show off.;
;;;And I just stared.;And I just stared.;
;;;I started thinking I really was invisible.;I started thinking I really was invisible.;
;;;I wasn't a person.;I wasn't a person.;
;;;Just an entity watching from behind.;Just an entity watching from behind.;
;;;And they looked at me like I was disgusting.;And they looked at me like I was disgusting.;
;;;The hate on their face said everything.;The hate on their face said everything.;
;;;"I was never one of them.\|
I was different.";"I was never one of them.\|
I was different.";
;;;I told myself I was fine.;I told myself I was fine.;
;;;That I didn’t need them.;That I didn’t need them.;
;;;But I now realize I was telling myself a lie.;But I now realize I was telling myself a lie.;
;;;It wasn’t just loneliness.\. It was something else.;It wasn’t just loneliness.\. It was something else.;
;;;Like I was broken.;Like I was broken.;
;;;"Like there was something wrong with me from
the start.";"Like there was something wrong with me from
the start.";
;;;"After a while, they stopped looking like people
to me.";"After a while, they stopped looking like people
to me.";
;;;I started hating them.;I started hating them.;
;;;"Whenever I saw them, I would turn away.\!
Something was pulling me.";"Whenever I saw them, I would turn away.\!
Something was pulling me.";
;;;That’s when they started showing up.;That’s when they started showing up.;
;;;I think I liked them more than real people.;I think I liked them more than real people.;
;;;I felt so connected with them.;I felt so connected with them.;
;;;For the first time, I felt important.;For the first time, I felt important.;
;;;"They made me feel something when there was
nothing.";"They made me feel something when there was
nothing.";
;;;You found them all.;You found them all.;
;;;I almost thought you wouldn’t bother.;I almost thought you wouldn’t bother.;
;;;You remember what these were, don’t you?;You remember what these were, don’t you?;
;;;What's left of a kid who just wanted to fit in.;What's left of a kid who just wanted to fit in.;
;;;Trying to feel anything but rejected.;Trying to feel anything but rejected.;
;;;"These were meant for you to look back at who
you once were.";"These were meant for you to look back at who
you once were.";
;;;"But you came here to pick at the wounds.\!
To bleed all over them.";"But you came here to pick at the wounds.\!
To bleed all over them.";
;;;"And for what?\!
To remind yourself that you were unwanted?";"And for what?\!
To remind yourself that you were unwanted?";
;;;"To tell yourself again and again that no one
ever cared?";"To tell yourself again and again that no one
ever cared?";
;;;I didn’t come from nowhere.;I didn’t come from nowhere.;
;;;"Not just once, but over and over.\!
You created us.";"Not just once, but over and over.\!
You created us.";
;;;I didn’t want to exist.;I didn’t want to exist.;
;;;But you kept feeding me.;But you kept feeding me.;
;;;Because that loneliness only grew as time went on.;Because that loneliness only grew as time went on.;
;;;You’re not looking for peace.;You’re not looking for peace.;
;;;"You just want to feel broken enough to stop
trying.";"You just want to feel broken enough to stop
trying.";
;;;I should hate you for it.;I should hate you for it.;
;;;But I don’t.\! I just feel tired.;But I don’t.\! I just feel tired.;
;;;You wanted to sink, didn’t you?;You wanted to sink, didn’t you?;
;;;Then go ahead.;Then go ahead.;
;;;You're wasting your time.;You're wasting your time.;
;;;You always think it's your fault.;You always think it's your fault.;
;;;You'll get used to it.;You'll get used to it.;
;;;Are you cold often?;Are you cold often?;
;;;Why do you keep pretending?;Why do you keep pretending?;
;;;Pretending what?;Pretending what?;
;;;Come look, they'll be inside!;Come look, they'll be inside!;
;;Haven;Took you long enough.;Took you long enough.;
;;Haven;You sound tired.;You sound tired.;
;;Haven;I think you're just affraid of telling me.;I think you're just afraid of telling me.;
;;Haven;I have to say something ...;I have to say something ...;
;;Haven;Our time together was special.;Our time together was special.;
;;Haven;It wasn't perfect,\. but I enjoyed it.;It wasn't perfect,\. but I enjoyed it.;
;;Haven;"I don't know what you're currently going
through, but it doesn't sound easy.";"I don't know what you're currently going
through, but it doesn't sound easy.";
;;Haven;I just wanted to wish you the best with everything.;I just wanted to wish you the best with everything.;
;;Haven;I don't know when we'll see each other again.;I don't know when we'll see each other again.;
;;Haven;Oh yeah, about the flag from the mountain ...;Oh yeah, about the flag from the mountain ...;
;;Haven;I brought it with me.;I brought it with me.;
;;Haven;It’s still in my closet.;It’s still in my closet.;
;;Haven;Maybe it can make you feel safe throughout this.;Maybe it can make you feel safe throughout this.;
;;Haven;I’m glad we did this.;I’m glad we did this.;
;;;"
[SHOW PICTURES]
";"
[SHOW PICTURES]
";
;;;warning.png;warning.png;
;;;PRETITLE.png;PRETITLE.png;
;;;overlayday3.png;overlayday3.png;
;;;overlayday7.png;overlayday7.png;
;;;poem1.png;poem1.png;
;;;poem2.png;poem2.png;
;;;poem3.png;poem3.png;
;;;poem4.png;poem4.png;
;;;poem5.png;poem5.png;
;;;poem6.png;poem6.png;
;;;poem7.png;poem7.png;
;;;kpopblank.png;kpopblank.png;
;;;kpop1mouth.png;kpop1mouth.png;
;;;kpop1skin.png;kpop1skin.png;
;;;kpop1.png;kpop1.png;
;;;kpop1hair_1.png;kpop1hair_1.png;
;;;kpop1hair_2.png;kpop1hair_2.png;
;;;kpop1hair_3.png;kpop1hair_3.png;
;;;kpop1hair_4.png;kpop1hair_4.png;
;;;kpop1eyes_1.png;kpop1eyes_1.png;
;;;kpop1eyes_2.png;kpop1eyes_2.png;
;;;kpop1eyes_3.png;kpop1eyes_3.png;
;;;kpop1eyes_4.png;kpop1eyes_4.png;
;;;kpop1color1_1.png;kpop1color1_1.png;
;;;kpop1color1_2.png;kpop1color1_2.png;
;;;kpop1color1_3.png;kpop1color1_3.png;
;;;kpop1color1_4.png;kpop1color1_4.png;
;;;kpop1color2_1.png;kpop1color2_1.png;
;;;kpop1color2_2.png;kpop1color2_2.png;
;;;kpop1color2_3.png;kpop1color2_3.png;
;;;kpop1color2_4.png;kpop1color2_4.png;
;;;kpop2mouth.png;kpop2mouth.png;
;;;kpop2skin.png;kpop2skin.png;
;;;kpop2.png;kpop2.png;
;;;kpop2hair_1.png;kpop2hair_1.png;
;;;kpop2hair_2.png;kpop2hair_2.png;
;;;kpop2hair_3.png;kpop2hair_3.png;
;;;kpop2hair_4.png;kpop2hair_4.png;
;;;kpop2eyes_1.png;kpop2eyes_1.png;
;;;kpop2eyes_2.png;kpop2eyes_2.png;
;;;kpop2eyes_3.png;kpop2eyes_3.png;
;;;kpop2eyes_4.png;kpop2eyes_4.png;
;;;kpop2color1_1.png;kpop2color1_1.png;
;;;kpop2color1_2.png;kpop2color1_2.png;
;;;kpop2color1_3.png;kpop2color1_3.png;
;;;kpop2color1_4.png;kpop2color1_4.png;
;;;kpop2color2_1.png;kpop2color2_1.png;
;;;kpop2color2_2.png;kpop2color2_2.png;
;;;kpop2color2_3.png;kpop2color2_3.png;
;;;kpop2color2_4.png;kpop2color2_4.png;
;;;kpop3mouth.png;kpop3mouth.png;
;;;kpop3skin.png;kpop3skin.png;
;;;kpop3.png;kpop3.png;
;;;kpop3hair_1.png;kpop3hair_1.png;
;;;kpop3hair_2.png;kpop3hair_2.png;
;;;kpop3hair_3.png;kpop3hair_3.png;
;;;kpop3hair_4.png;kpop3hair_4.png;
;;;kpop3eyes_1.png;kpop3eyes_1.png;
;;;kpop3eyes_2.png;kpop3eyes_2.png;
;;;kpop3eyes_3.png;kpop3eyes_3.png;
;;;kpop3eyes_4.png;kpop3eyes_4.png;
;;;kpop3color1_1.png;kpop3color1_1.png;
;;;kpop3color1_2.png;kpop3color1_2.png;
;;;kpop3color1_3.png;kpop3color1_3.png;
;;;kpop3color1_4.png;kpop3color1_4.png;
;;;kpop3color2_1.png;kpop3color2_1.png;
;;;kpop3color2_2.png;kpop3color2_2.png;
;;;kpop3color2_3.png;kpop3color2_3.png;
;;;kpop3color2_4.png;kpop3color2_4.png;
;;;overlay.png;overlay.png;
;;;vignette.png;vignette.png;
;;;arcade.png;arcade.png;
;;;overlayconcert.png;overlayconcert.png;
;;;cookremove7.png;cookremove7.png;
;;;cookremove2.png;cookremove2.png;
;;;cookremove3.png;cookremove3.png;
;;;cookremove1.png;cookremove1.png;
;;;cookremove4.png;cookremove4.png;
;;;cook1.png;cook1.png;
;;;cook2.png;cook2.png;
;;;cook3.png;cook3.png;
;;;cookremove5.png;cookremove5.png;
;;;cookremove6.png;cookremove6.png;
;;;arcadetitle.png;arcadetitle.png;
;;;arcadereflection3.png;arcadereflection3.png;
;;;arcadereflection1.png;arcadereflection1.png;
;;;arcadereflection2.png;arcadereflection2.png;
;;;arcadereflection4.png;arcadereflection4.png;
;;;yaafm1.png;yaafm1.png;
;;;vignettehaven.png;vignettehaven.png;
;;;yaafm2.png;yaafm2.png;
;;;yaafm5.png;yaafm5.png;
;;;yaafm3.png;yaafm3.png;
;;;john.png;john.png;
;;;remember.png;remember.png;
;;;MailOverlay.png;MailOverlay.png;
;;;vignetteday6.png;vignetteday6.png;
;;;vignette1.png;vignette1.png;
;;;vignette2.png;vignette2.png;
;;;page1.png;page1.png;
;;;page2.png;page2.png;
;;;page3.png;page3.png;
;;;page4.png;page4.png;
;;;page5.png;page5.png;
;;;white2.png;white2.png;
;;;white.png;white.png;
;;;catjump.png;catjump.png;
;;;catjump2.png;catjump2.png;
;;;page6.png;page6.png;
;;;page7.png;page7.png;
;;;page8.png;page8.png;
;;;page9.png;page9.png;
;;;page10.png;page10.png;
;;;overlayday5.png;overlayday5.png;
;;;drawing1.png;drawing1.png;
;;;drawing2.png;drawing2.png;
;;;drawing3.png;drawing3.png;
;;;drawing4.png;drawing4.png;
;;;drawing5.png;drawing5.png;
;;;drawing6.png;drawing6.png;
;;;drawing7.png;drawing7.png;
;;;baddrawing1.png;baddrawing1.png;
;;;baddrawing2.png;baddrawing2.png;
;;;baddrawing3.png;baddrawing3.png;
;;;baddrawing4.png;baddrawing4.png;
;;;baddrawing5.png;baddrawing5.png;
;;;baddrawing6.png;baddrawing6.png;
;;;baddrawing7.png;baddrawing7.png;
;;;QTB-MainBar.png;QTB-MainBar.png;
;;;BME-MainBar.png;BME-MainBar.png;
;;;BME-PressOK1.png;BME-PressOK1.png;
;;;BME-PressOK2.png;BME-PressOK2.png;
;;;day1map.png;day1map.png;
;;;day2map.png;day2map.png;
;;;day3map.png;day3map.png;
;;;day4map.png;day4map.png;
;;;day5map.png;day5map.png;
;;;day6map.png;day6map.png;
;;;day7map.png;day7map.png;
;;;"
[PLAY MOVIES]
";;
",,""[GARBAGE AND ";;;;;
"CUSTOM LINES]""";;;;;
